title,deep learning,large language models,generative AI,foundation models,AI agents,retrieval augmented generation,RAG systems,natural language processing,computer vision,vision-language models,multimodal models,document understanding,semantic search,enterprise AI,AI platforms,AI infrastructure,cloud computing for AI,MLOps,reinforcement learning,theoretical machine learning,learning theory,generalization bounds,convergence proofs,optimization theory,novel loss function,theoretical architecture,synthetic benchmark,toy dataset,AI for physics,AI for chemistry,AI for biology,game,gaming AI,graphics rendering,entertainment AI,healthcare AI,medical imaging AI,clinical decision support,drug discovery AI,algorithmic trading,quantitative finance,cryptocurrency,blockchain,autonomous vehicles,robotics,self-driving cars,drones,financial modeling,risk assessment,max_positive_score,max_negative_score,max_positive_keyword,max_negative_keyword,final_score
Embedding Autonomous Agents in Resource-Constrained Robotic Platforms,0.7884086726542193,0.7625863091994715,0.7843920014509318,0.74591580352247,0.810359975873733,0.7771783558167182,0.7658915692742775,0.7783248253904164,0.7700190736251644,0.7769981735355161,0.7564954399898943,0.7760240535644318,0.7807154333769875,0.7954644519151419,0.8068402785078219,0.7982490073734081,0.7941184222694322,0.7359839457053227,0.800733025386932,0.7654045019284894,0.7464784331524447,0.7745885741215662,0.7790296781411887,0.7672164245158607,0.7339535703187908,0.7288745348261245,0.7775110087147802,0.7802612001702465,0.7989445227506626,0.7879613451727354,0.7854083603805945,0.767047380267015,0.8038126401564858,0.7572202439548638,0.7758440284168443,0.7830245822308938,0.7833379317075926,0.7666178129888224,0.8007136042386754,0.7859781868144707,0.7305373627407806,0.7662238929413849,0.7751844057741772,0.8232703809630213,0.8275102633102358,0.8010323326823856,0.7812789761112869,0.7453267096330102,0.7604949402184445,0.810359975873733,0.8275102633102358,AI agents,robotics,-0.01715028743650282
Agent Drift: Quantifying Behavioral Degradation in Multi-Agent LLM Systems Over Extended Interactions,0.7843627809739542,0.7942131995272366,0.7946863433432365,0.7522688109608785,0.8172757782344451,0.7742214753173556,0.7443804490654191,0.7771428430220121,0.7617568463928441,0.7792296170376989,0.7828639117141659,0.7717855399580933,0.7668789746470072,0.7991709597500023,0.7910728999325958,0.8021356138423457,0.7970045386378286,0.7555363484381092,0.7906318711857689,0.7870733242306207,0.7765564756961151,0.7775676018095953,0.7777612858065703,0.7792084637460166,0.7597094688826392,0.7566208958930268,0.7689986999735369,0.774347232821402,0.7936557749054097,0.7975030367380347,0.7932124663271667,0.7700967790482387,0.8042025705895331,0.7597487922985227,0.7878613821410745,0.7931804962887321,0.7906740804858624,0.7567103178571072,0.8032746626402274,0.7799195755506815,0.7450266575571708,0.7630686175810445,0.7807140487241581,0.7963960323052438,0.7954353123664789,0.7843396066112903,0.7838076798647345,0.7661411791994294,0.7716688660515545,0.8172757782344451,0.8042025705895331,AI agents,gaming AI,0.013073207644911933
Clinical Data Goes MEDS? Let's OWL make sense of it,0.7827376327307735,0.7804424513844246,0.7745045495390035,0.7644546444129403,0.7680880385255006,0.7556628494419614,0.7478055777908222,0.7886296301627892,0.7647665591943841,0.7856647082763042,0.7740706755746068,0.7940926277034293,0.7942700462377368,0.7622498105265498,0.77182062409938,0.7754180018603501,0.7859484855200893,0.7628588772442109,0.7739122863848806,0.7834741173462281,0.7664305487925251,0.7893796178334669,0.7776172984655734,0.771079127224469,0.7639826302732735,0.7280875644779643,0.7709271297402048,0.7942791540426328,0.7798427525101971,0.784789856217238,0.7941087185441402,0.7516438372550528,0.7658749980762043,0.7613661273551825,0.7599255777669994,0.8243385614899996,0.815382743110578,0.8157649177371722,0.804187720910046,0.7637679978569516,0.7368814169173089,0.770857975164125,0.7802100069565985,0.7734169795670077,0.7791701051508366,0.7655853906827469,0.7653913107910993,0.7669698909976265,0.7564933136594043,0.7942700462377368,0.8243385614899996,semantic search,healthcare AI,-0.03006851525226284
Klear: Unified Multi-Task Audio-Video Joint Generation,0.8084069260456195,0.8104589537033143,0.8131371749890881,0.7618642105027102,0.7835162260354146,0.8027412451104691,0.7487101149414923,0.7883211240206919,0.7900073267032914,0.8188656370735837,0.8134864536609063,0.7823348790239768,0.7819706784713056,0.7834878936726787,0.7956505751329254,0.7975145436927153,0.8044012689704378,0.7373158978575846,0.785352735281636,0.7951778280943037,0.7808931379645953,0.7754347149188244,0.7773785880800841,0.7885476771716927,0.7715566896323861,0.7711371422546948,0.7777008678474758,0.796844950669304,0.7932866981679815,0.7958658629720571,0.793964926052955,0.7676304771871045,0.7986297106664381,0.7867080388546774,0.7880567475610205,0.7951182357509348,0.8027864788876071,0.7809949833268017,0.7872994584108074,0.7781441806108103,0.7420912558165415,0.7777263231631252,0.7803406067743686,0.7845039818311457,0.7883312618951881,0.7819230005926926,0.767532885461158,0.765336315521688,0.7446551139408193,0.8188656370735837,0.8027864788876071,vision-language models,medical imaging AI,0.016079158185976605
"Wow, wo, val! A Comprehensive Embodied World Model Evaluation Turing Test",0.8044856358579483,0.8062074560237915,0.8099661192391518,0.807571138130635,0.7870882242815275,0.7727761896819728,0.7446012697501873,0.7736657425476143,0.7970015573417997,0.8153637711765327,0.7927740562230349,0.7677858836751368,0.7726574443272602,0.788703985918874,0.7911665539169013,0.7929272982577483,0.7890302306170095,0.731054795235664,0.793508348813853,0.8050730033661969,0.7704491317960301,0.8029765582913915,0.7790877646148991,0.786577530907462,0.7561834559187663,0.7659617253905282,0.7967730387477805,0.7960748115291639,0.8110691729347042,0.8006720986270884,0.803372366762097,0.7831183284251584,0.8009079361865524,0.7857353987511156,0.7840537531064218,0.783701397098408,0.7980088010350682,0.7556024705661529,0.7954001514263478,0.7743998108607725,0.7504756413674359,0.7686412633139856,0.7691526824079595,0.7877640461126507,0.8110278855339381,0.7796562039772693,0.7789981558980662,0.7881139818267032,0.7587277972707791,0.8153637711765327,0.8110691729347042,vision-language models,AI for physics,0.00429459824182854
ContextFocus: Activation Steering for Contextual Faithfulness in Large Language Models,0.8084574289286882,0.844612212666727,0.78243657173135,0.79065702361206,0.773205937937392,0.7797707247324845,0.7267469039313738,0.8052862029653546,0.7750743944770556,0.8044595406649802,0.7903985613998021,0.7892498205087869,0.7837788328462945,0.7638314684766534,0.7696197207660456,0.7690455277364423,0.7891444633979975,0.7502568576442805,0.8083124928511716,0.7864154291771523,0.7834039299348635,0.7881770161501126,0.7905620241983302,0.7812291902885461,0.7604344716455786,0.7415290851054244,0.7716181572620009,0.7683567691432291,0.7812053222086719,0.7909880651978113,0.7885119087491954,0.7572569450483742,0.7740794974680907,0.7585161616024518,0.7703123121090628,0.7730522025828135,0.770457999186373,0.7753817654646193,0.7879437422354134,0.7658125496490715,0.7601505101064806,0.7642242060348614,0.761105930069217,0.7699376334441353,0.7740421855449645,0.7718880288240432,0.7573400046613952,0.7781193831761573,0.7528261978200148,0.844612212666727,0.7909880651978113,large language models,AI for chemistry,0.05362414746891575
Pixel-Wise Multimodal Contrastive Learning for Remote Sensing Images,0.813694451170349,0.778873887781818,0.8001979926267913,0.7648935513820918,0.7693246772685555,0.7894023327827202,0.7507500515268971,0.7747113765344043,0.8081418052963022,0.7991084715639956,0.8258433034462183,0.7718197891323504,0.7788130350440928,0.762922362495847,0.7773478085713227,0.7779632883259353,0.7860294253906326,0.7487547076618538,0.7940041422664128,0.7819177140559859,0.7708915139457202,0.7849246661934179,0.7698965100912125,0.7773644410184448,0.7722196127901291,0.7385272026458751,0.7888027045562972,0.7829416202720176,0.7925680064861734,0.7926150577161201,0.7923461930214654,0.7532376878642444,0.7773804855860968,0.7819723305442967,0.7731929256144958,0.7720141353354842,0.8046879815064786,0.7779092834822084,0.7861710890576155,0.762462244776619,0.7607429960320289,0.7748835468314126,0.765344054174772,0.7861106138355171,0.7902415027226776,0.7842165500469409,0.7697025419764331,0.7654923198365611,0.7617630763056815,0.8258433034462183,0.8046879815064786,multimodal models,medical imaging AI,0.02115532193973968
InfiniteWeb: Scalable Web Environment Synthesis for GUI Agent Training,0.8000288927260666,0.8046609730750219,0.820913971178159,0.7652560756730921,0.8185465073809374,0.7934995217725321,0.7536996611205793,0.7810041305989939,0.7820294003256048,0.7833165583260651,0.7723693546146223,0.7814456314218252,0.7843764699577072,0.792781688221051,0.7955324962543185,0.811706814205015,0.8088030361171324,0.7246971492188836,0.8146491013848545,0.7983935219552469,0.7852799401930955,0.7785045146766781,0.7687453176568246,0.7864592467681129,0.7420453667376107,0.7669089630328606,0.7992798555706923,0.7851672642444734,0.807251455137856,0.8073954318283669,0.8018880267248171,0.7688656599677418,0.8145095953791475,0.790257751605927,0.7827728356813427,0.7916048334253971,0.7924296483098493,0.7607999576448407,0.8043533152838781,0.7691840440905774,0.7613909304223687,0.7645667404951251,0.7769070092172266,0.791538095663614,0.7893354025665063,0.7821027524219282,0.7601809343189507,0.7728890579878139,0.7578405404911933,0.820913971178159,0.8145095953791475,generative AI,gaming AI,0.006404375799011541
Quantifying the Impact of Modules and Their Interactions in the PSO-X Framework,0.7621084873021848,0.7742363066411868,0.7522710292960053,0.7731156067957106,0.7633668522342131,0.749963978343069,0.7350991240540896,0.7510250302311431,0.7588540062700797,0.7756665548462716,0.784254948418797,0.7675621835181045,0.7550041374604067,0.7414862302001444,0.763943023935978,0.7661037246389675,0.7644749209852821,0.7419893670712835,0.7724297056943534,0.776535596097905,0.752798449214699,0.7851701247149978,0.7772786389385427,0.8010080496736833,0.7501571883347959,0.7438305530368673,0.7706500524690384,0.7690780818035455,0.7772110900108453,0.774749015771785,0.7772185213380025,0.7429693798032945,0.7495751445463915,0.7458642782926387,0.7258588174671554,0.7515297952887198,0.7524009314681048,0.7453415159242532,0.7638598444901344,0.7668909886337519,0.7564641658460507,0.7502827318570393,0.7501750026276327,0.7743759384799539,0.7805679200502859,0.7596239519872606,0.7612623493978057,0.7722422965737212,0.7623650289011187,0.784254948418797,0.8010080496736833,multimodal models,optimization theory,-0.016753101254886382
Layer-wise Positional Bias in Short-Context Language Modeling,0.7871109593674943,0.8164687208321192,0.7771658124608982,0.782413300414269,0.7697057925662085,0.7597082240830769,0.7241667067435997,0.7972062234942829,0.7685985797715565,0.8162555633084141,0.7813389619398825,0.7839349482510682,0.7872533944936935,0.7500388323471596,0.769548635773148,0.7689210836697453,0.7710803076485703,0.7464744612296299,0.7935671674800677,0.7850006608498286,0.7805185138069122,0.7995248803599091,0.7769746891416007,0.789328906150349,0.7765991468137272,0.7477105790626726,0.7584464253329891,0.7785422949515952,0.7779583766488029,0.7749736848402955,0.7818808008473642,0.7634251029756574,0.7734467255750254,0.7660683769092019,0.7593744509652767,0.7635662442677793,0.7615511206984467,0.764546046281765,0.7687600315729752,0.7533830135532524,0.7404978144491895,0.7523965815737517,0.7536767519366065,0.7511798292322959,0.7642057999760749,0.7546757772143925,0.741812899179457,0.7756431149975638,0.7598454298913849,0.8164687208321192,0.7995248803599091,large language models,generalization bounds,0.016943840472210092
CSSG: Measuring Code Similarity with Semantic Graphs,0.7745816747949692,0.7834199711343255,0.7668690115600669,0.7509210033953982,0.750602024980748,0.7691251937096084,0.7367773182558557,0.7767569281122852,0.7809929769824431,0.786013195750522,0.7384326581598016,0.7709542817745023,0.8138061271969408,0.7370233551151847,0.7484105515326662,0.7507117211804142,0.7693813956470539,0.7165715380437251,0.7599711259736087,0.7668518633125214,0.7397815854334017,0.7714506575095176,0.7853040977086692,0.7551934696966083,0.7371853898035831,0.7294064486889729,0.7886673875312343,0.7579911277867295,0.7638837383741514,0.7754631389256554,0.7741026939573289,0.7681523071811933,0.7589143377672852,0.7762968759626858,0.7312891239007164,0.7572848678413329,0.756283161346528,0.7603248140503446,0.7706733158784863,0.7539042903115022,0.7357815000193925,0.7706571156560369,0.7874365092012647,0.74874541281378,0.7647092161902255,0.7562060587723678,0.7442849101792215,0.7463010366361853,0.7391918640790273,0.8138061271969408,0.7886673875312343,semantic search,synthetic benchmark,0.025138739665706455
Analyzing Reasoning Consistency in Large Multimodal Models under Cross-Modal Conflicts,0.8034974056237004,0.8386118934883711,0.7819936347378644,0.7931860415136981,0.7631272800907345,0.7598621846965391,0.7539447979699072,0.7903250347105246,0.7908137576870905,0.8215628306333411,0.8434623634724135,0.7910367599288517,0.7825387778922487,0.7512635126710461,0.774374702786417,0.7793550909928557,0.777741835826222,0.7654898003364092,0.7949675435518346,0.8042273996269679,0.8029344976617363,0.7930060420622596,0.8008351113804472,0.7917836101574593,0.7622164753965355,0.7694299802582587,0.7702772536338021,0.7736764102838132,0.7856572076620704,0.7874938714469613,0.7807119548388882,0.7612382181615442,0.7746410649914942,0.7850281820867462,0.7655457761508179,0.7676377618920444,0.7831500731403496,0.7683222833409012,0.776722795035277,0.7806216693515852,0.7541136773980275,0.7829664698488423,0.7814675831758437,0.7878103489474797,0.7888907701646564,0.7827363462976396,0.7695021928311113,0.7914688778866286,0.7551585842907377,0.8434623634724135,0.8042273996269679,multimodal models,theoretical machine learning,0.03923496384544567
Mind the Generative Details: Direct Localized Detail Preference Optimization for Video Diffusion Models,0.8218875929571688,0.7903332625308284,0.8237013887334168,0.7670658517814801,0.774597415886648,0.7961717514941096,0.7428922791561013,0.7993161306217084,0.782551202338334,0.800804132584913,0.7706871804346674,0.7820612015280339,0.7738883690558176,0.75133910121492,0.7741623818747824,0.7777704338813932,0.7821003556279592,0.7558797710791925,0.8026477652165261,0.7899711065407804,0.7685450946304079,0.797167149055291,0.7779768872596095,0.8090434296767699,0.7639966081626043,0.7532669489071647,0.7749899886392873,0.78527254538632,0.7978401575293846,0.7907461747724751,0.7956929138062601,0.7706185093515642,0.7900231205350139,0.7935145775979987,0.7789405715109421,0.7692973477781718,0.7769041007159454,0.7795889796052075,0.7825740390984126,0.7616271871184997,0.7392474359224172,0.7619722008757817,0.7626967923901211,0.770313357734038,0.7779522006194003,0.7712093647806527,0.778312334891978,0.760159414784263,0.7378258274700019,0.8237013887334168,0.8090434296767699,generative AI,optimization theory,0.014657959056646908
ComfySearch: Autonomous Exploration and Reasoning for ComfyUI Workflows,0.7967521692444354,0.7808871473189778,0.8314018071656843,0.7682021183906973,0.8100516765599419,0.8006912338646021,0.7488109509234685,0.7910584768218678,0.7809908778883162,0.7825041841670732,0.7747118779161699,0.7858936250348163,0.8184134586103257,0.8028646762032988,0.8091412700964316,0.8042001145155064,0.8146771839504018,0.7292341182298594,0.8023632814218824,0.7879722589349767,0.7788593525363796,0.7757052813994189,0.7719311294943457,0.7934035512355471,0.7679771626980294,0.7581220271163915,0.7973715895878888,0.804140962850998,0.8146384656626848,0.8112716901618556,0.8063174677548247,0.7718004911557838,0.8191242525410587,0.7845624506749884,0.8049998799890831,0.8130133204595834,0.8028627556269087,0.7733480613826846,0.8240058598010137,0.7980951782049945,0.7632365908357076,0.7746774443290342,0.7799349326387491,0.8033532491979722,0.7964229370214184,0.7885959434427676,0.7611930794592318,0.7681549076870551,0.7600628277643836,0.8314018071656843,0.8240058598010137,generative AI,drug discovery AI,0.007395947364670641
MobileDreamer: Generative Sketch World Model for GUI Agent,0.7834653487313356,0.7935366125535781,0.8368512062764119,0.7933817997940465,0.8041103125469984,0.7902322226602521,0.7347345953531799,0.7563449236272629,0.776533941732475,0.8093017009269425,0.7918382601858212,0.7775065097686199,0.7667137381839488,0.7849801158925441,0.7829657483787947,0.7750453733770368,0.7873341551689027,0.7263899953353622,0.795569534579377,0.78565653735746,0.763946119473357,0.7838225149551957,0.7623398924090141,0.7711516342546608,0.7371592508099407,0.7561330371246632,0.7820749477619039,0.7760951946355934,0.7945375920420179,0.7905917824541447,0.7826706227188035,0.7736178721511521,0.8102142303406626,0.807821071435885,0.783725304142452,0.7863853676795525,0.7936186493920089,0.7594801318527659,0.8052973300597311,0.7628921718759328,0.7413454261327598,0.7559454046701929,0.7695795170371394,0.7860694441876495,0.7884320441662058,0.7861431167013886,0.7747235053795,0.7889986017068406,0.75629297566734,0.8368512062764119,0.8102142303406626,generative AI,gaming AI,0.026636975935749208
HoneyTrap: Deceiving Large Language Model Attackers to Honeypot Traps with Resilient Multi-Agent Defense,0.7863565063501816,0.8073250099658026,0.7743624147127903,0.764654460956097,0.7782124037079486,0.7749727988531614,0.754203806529435,0.7753576429551382,0.7496655290294866,0.7803606957928053,0.7729124235385448,0.7653529500130255,0.7530712911720043,0.762555218788239,0.7612364832963544,0.7775403182099332,0.7784484046320257,0.7490540275552117,0.7943202493142355,0.7764470861907465,0.7636191619602879,0.7746908154580074,0.770590460742022,0.767741836072647,0.7664202167951739,0.7468928909032035,0.7810806849966749,0.771062207611853,0.7667183067453808,0.7708009144800986,0.7760736933453862,0.7598034650005312,0.7839101925127645,0.7520294123093677,0.7598434516781415,0.7726059250026567,0.7588592471290162,0.7535215894300589,0.7933524494703575,0.7808558585150588,0.7333548841176517,0.75757201765737,0.7642305042841472,0.7586377841423322,0.7775690042621055,0.7602670433203322,0.7631406210560419,0.7570491394179496,0.7561441201351826,0.8073250099658026,0.7933524494703575,large language models,drug discovery AI,0.013972560495445041
A Scheduling Framework for Efficient MoE Inference on Edge GPU-NDP Systems,0.7943984395865604,0.784538447687337,0.7920177499655758,0.779282765487256,0.7860361587542424,0.7639814983524018,0.7356890699263146,0.7838121519812261,0.774851814672213,0.7732236224367116,0.7631950759641369,0.7790684775657746,0.7545235135914259,0.7858514407402434,0.7939445189962561,0.8025066774260105,0.8183474176885117,0.7361576371996038,0.7821462615935026,0.7931863588883289,0.7550402266968241,0.7807880353574248,0.7788965953961303,0.7886086153095158,0.7621835882315723,0.7404225331201566,0.8008088318969296,0.7870634281450244,0.7998980436589638,0.7931795964414047,0.7855992227879487,0.7565689427772965,0.7936893905054885,0.7913541188165518,0.7722999604110616,0.7876964756037079,0.8007165283340125,0.7689268372264465,0.7947522770486738,0.7743552483931041,0.7607015702748752,0.7612078018470806,0.7697277549008967,0.7664292478441745,0.7753273501905786,0.7684569886537845,0.7653753670143935,0.7812643333808831,0.751797827040683,0.8183474176885117,0.8008088318969296,cloud computing for AI,synthetic benchmark,0.017538585791582073
Anti-Length Shift: Dynamic Outlier Truncation for Training Efficient Reasoning Models,0.8230729037098694,0.7981744455024158,0.7904910381442207,0.7552863679809354,0.7822457569670526,0.7752904170119174,0.7377077429757763,0.7993932461495513,0.7612274860036312,0.7796675967881876,0.7529827538052563,0.7998094502907358,0.7720418129783092,0.7700606774900013,0.7777587831227585,0.78470294370611,0.7920911255815567,0.7450970540850077,0.8211981053585682,0.8182290055122193,0.807292370134278,0.7997776462167308,0.8012979725610535,0.8168944949275336,0.7866820511676912,0.7577865759180653,0.781415563786728,0.7871040337921891,0.8054168053412988,0.7923309539699424,0.7945045717270497,0.762074222618726,0.7831359013194817,0.7630142574630083,0.7759458990664541,0.7792551124290947,0.7811495949734936,0.7765940786919493,0.799162911713931,0.7922993763026904,0.7651156388400914,0.7761910390634823,0.779658841660384,0.7751317198826743,0.7862899486500656,0.7812135915780456,0.7733476570751074,0.7592845054387618,0.75298673226135,0.8230729037098694,0.8182290055122193,deep learning,theoretical machine learning,0.004843898197650076
Trade-R1: Bridging Verifiable Rewards to Stochastic Environments via Process-Level Reasoning Verification,0.8197358615156154,0.8086091770233991,0.7943476843760297,0.7617176520797582,0.780870109575367,0.7918698560746881,0.768249786877269,0.8006820957127377,0.7724406489202988,0.8012597509656769,0.7833110107621896,0.7870669162873709,0.8037143222084036,0.7784467557014539,0.7818151459287523,0.7864102681359434,0.7924489110989591,0.7372330079707429,0.8539942999707981,0.8222900260058819,0.8023386838332105,0.7870291962184922,0.7937854932577207,0.7932671209877572,0.7636412610636059,0.7642060467601814,0.8043424676141898,0.7776571316750177,0.7999540730777225,0.7955565418311942,0.7922222465344128,0.7777089783975446,0.7945870325194857,0.7864688795756878,0.7717007202023369,0.7795924437731908,0.7752364272033536,0.7629704376502311,0.7987183391215139,0.8278085755657681,0.7816347609552967,0.7989091936811076,0.7919081026545479,0.7678158818431928,0.7986147713352791,0.771409422437253,0.7736017518595072,0.8082134984395973,0.7747420813465415,0.8539942999707981,0.8278085755657681,reinforcement learning,algorithmic trading,0.026185724405029975
Large-Scale Aspect-Based Sentiment Analysis with Reasoning-Infused LLMs,0.8033849441768275,0.8351181640496717,0.7778863079889735,0.774028966234878,0.7766025016469487,0.7652982627329648,0.7511781564624412,0.7960299886815076,0.7578915701224334,0.7922447688015695,0.7773380989057531,0.774312408365364,0.7903520864267977,0.7774324041894558,0.7837039779413157,0.7811448334962461,0.7917679777013317,0.7373207554889342,0.7862759116154794,0.7838735557336783,0.7663033676183961,0.7813696745823399,0.7670668702194199,0.7567886044740315,0.7463745677644967,0.7584350414367614,0.7929654648934988,0.7695501318272887,0.785618007072696,0.788297509232234,0.7912838466810656,0.7502996656219214,0.7760022555083808,0.7585597534994546,0.782977799529103,0.7783104824570763,0.780115638075174,0.77195467557688,0.7790741089612395,0.7849147545722267,0.7493498096465284,0.7657521161729685,0.7634834240273032,0.7714517332622925,0.7803644389818388,0.7588870294374022,0.7564864367239348,0.7769872290528964,0.781985392173606,0.8351181640496717,0.7929654648934988,large language models,synthetic benchmark,0.04215269915617281
FOREVER: Forgetting Curve-Inspired Memory Replay for Language Model Continual Learning,0.8231053656385939,0.8318928338846711,0.8023312478430098,0.7777133573433357,0.7689466353682384,0.7939462955029817,0.7296469382850964,0.7971609969851025,0.7752099511669748,0.8110091824192377,0.7835040661298732,0.7749766208489004,0.7817799958317381,0.7791637805815905,0.779469408831872,0.7775462284930137,0.8027867502793302,0.7485781891625092,0.8260121472412149,0.8063328469026801,0.8044682116852001,0.7907645693539342,0.7929035541938083,0.7769295086550093,0.7895769383558288,0.73887289969188,0.7818261176459703,0.7789467911141876,0.7991508732211415,0.7974231355439301,0.8011264271948346,0.7741169226212237,0.7902913851610539,0.7711222381137739,0.7791105309436477,0.7758981036731245,0.7831703996789295,0.7604006901115539,0.7862699210460009,0.7724549497509421,0.7528137183852232,0.7847502166602265,0.7824694412418978,0.7628975976981506,0.7793031268491621,0.7772348194405039,0.7606394093958408,0.793549346199626,0.7532596168748251,0.8318928338846711,0.8063328469026801,large language models,theoretical machine learning,0.025559986981990912
Bayes-PD: Exploring a Sequence to Binding Bayesian Neural Network model trained on Phage Display data,0.8242017719427939,0.7991121008603352,0.7844575492210693,0.7882898327634382,0.7720434165748261,0.783225911612411,0.7495819011485388,0.8049032195229202,0.794592361963796,0.8059645295199945,0.7780339119433726,0.7892926785324798,0.7762455722381962,0.7625812842547355,0.777278362966198,0.7804295232712211,0.7693442185905699,0.7261703549626328,0.8036902346087018,0.813024646111344,0.781643277049933,0.7868615946613,0.7778922913928342,0.7723034091306872,0.7783412039271026,0.7519030167826926,0.7969265332652966,0.801138077906425,0.8053340470252875,0.7970978496959371,0.8224248854976839,0.765854109752088,0.7822370861310889,0.7885631586122023,0.7687878329849411,0.7753719649972779,0.7948167813299585,0.7753361059186032,0.8193798984098163,0.7732243071261369,0.7456373815992502,0.7624197303288813,0.7751526338877093,0.7594076619170068,0.7795090477033652,0.7680984557553846,0.7696209386656403,0.7834291784892674,0.7529878091175141,0.8242017719427939,0.8224248854976839,deep learning,AI for biology,0.001776886445109982
FocusUI: Efficient UI Grounding via Position-Preserving Visual Token Selection,0.7915933220669182,0.7836848786258523,0.7877397358135496,0.7875595780273396,0.7760750531487206,0.7698203171325506,0.7363963026096108,0.7838768955761971,0.7829251537762683,0.8091473000698906,0.7843423530458622,0.7885041466997913,0.7744651889822411,0.7654842395068315,0.7860304118984995,0.7715250112860879,0.7802150700802853,0.7435830033419369,0.785770525569563,0.769967409344897,0.7559832563146242,0.8004211654222368,0.7841403758671972,0.7814213647035005,0.7701573297688913,0.7356602511490896,0.7851608239179466,0.7793108556399869,0.7889825789852362,0.7792855445396876,0.7762559379846327,0.7608509682299983,0.7801220768141195,0.7902644233155025,0.7751058268882969,0.7781743562511027,0.7852827953225818,0.7729137610776992,0.7736938480834384,0.7497602144654549,0.7596455881491544,0.7566899972969139,0.7663155230818783,0.7537181091040455,0.772662308293839,0.7578055421709036,0.7555731460584374,0.7744947926759951,0.7504627998233107,0.8091473000698906,0.8004211654222368,vision-language models,generalization bounds,0.008726134647653705
A Gap Between Decision Trees and Neural Networks,0.8252353353230656,0.797082493810042,0.8014090673685155,0.7794098201592382,0.7870833413910134,0.7786528326680424,0.7612714497796513,0.7879963071354401,0.7932692218377636,0.7970996764170961,0.7694910914607852,0.7886397000957273,0.7717533648563758,0.7768197033188294,0.7968724918679031,0.7930895038527771,0.8044679674205071,0.7521834816087964,0.815369761465396,0.8197059954307314,0.7910911840891939,0.8236433979880239,0.8083386755982562,0.7942362587188578,0.7787963452049722,0.7668256071521115,0.800724674444176,0.7907601716464203,0.8055910251720744,0.7933189114505063,0.8037326964538755,0.7736839282969188,0.7999067222389282,0.7873424722455389,0.7748499256776741,0.7928019745206876,0.7970541661229635,0.7891679954128642,0.8065207685441081,0.7826352481717547,0.7588348123800686,0.7635384107786202,0.7739023511731862,0.786604464523877,0.804326072803645,0.7845194608563464,0.7719783908145246,0.7765500488282197,0.7589528951372122,0.8252353353230656,0.8236433979880239,deep learning,generalization bounds,0.0015919373350417043
An Algebraic Representation Theorem for Linear GENEOs in Geometric Machine Learning,0.8140373955653805,0.7859750855737347,0.8124998559219588,0.767556380654992,0.7897400711846085,0.7877196059964762,0.7413567589379844,0.7763920940013902,0.7757853322947237,0.7881928248316749,0.7758006912463788,0.7799625663142301,0.7755833141582876,0.7777596485394996,0.7713162523750067,0.7767551845002789,0.7880703487403857,0.7416476957455616,0.7881248031448185,0.8174828709820192,0.794493727187737,0.8063854736293027,0.8005029706664939,0.8103500848149194,0.7809362845367638,0.7801287107662778,0.7736368902601745,0.791473290668749,0.8020848328946564,0.7976416589738413,0.8050146870946637,0.7747461092390975,0.7984347942678669,0.7941373543090492,0.7654081736381719,0.7750066384031921,0.7810124566151522,0.7593050760377581,0.789580187923502,0.7844374679082361,0.7387209125519714,0.7601517342565028,0.7696098058918788,0.7893731886939713,0.7969167385593401,0.7770787939084036,0.7720872477766565,0.7710302304394422,0.7487114161262861,0.8140373955653805,0.8174828709820192,deep learning,theoretical machine learning,-0.0034454754166387547
Current Agents Fail to Leverage World Model as Tool for Foresight,0.7889058649928107,0.8020443483634382,0.8192756626047305,0.7852575813846498,0.8155103261979747,0.7812638452022214,0.7327284559862581,0.7721563525887432,0.775478830043607,0.8257961663956396,0.784183766040554,0.7730897485989292,0.7729391207715967,0.7842799073844717,0.792429342833888,0.7868542497706777,0.7934322159791282,0.7253292839473764,0.7954763748624841,0.7842692312579398,0.7689300188420677,0.7941771051088782,0.7581313019512012,0.7773412235566475,0.7561087920007876,0.7472779125267774,0.7813764973394414,0.7758111734275177,0.802388607365318,0.7913928765144372,0.7964262930719147,0.7752744248681268,0.8031299236940534,0.7775418119691148,0.7740585219905932,0.7787991163664618,0.7778517008821713,0.757613212604519,0.7964588772540684,0.7704240527641778,0.7448350363696881,0.7522632477800201,0.7653874589872655,0.7834224179548106,0.7923678816963536,0.7828559740223856,0.7655427068245296,0.793621349527121,0.7699226426783934,0.8257961663956396,0.8031299236940534,vision-language models,gaming AI,0.022666242701586126
Adaptive-Boundary-Clipping GRPO: Ensuring Bounded Ratios for Stable and Generalizable Training,0.7933964625388414,0.797600259494174,0.8099352655008488,0.7575500203663332,0.7720992226744642,0.7711398570795841,0.7314469070640452,0.7888848346319779,0.7537347858719511,0.7815080209965226,0.7717209239490718,0.7713335633423858,0.7590812632381305,0.7604533606141544,0.7770458911826499,0.7769110020760248,0.7920502202927714,0.7742172455722763,0.8296086768147616,0.7932028448947345,0.7939158868006629,0.825494695881761,0.7943706130605059,0.8058860115279772,0.7660470186754658,0.741570088862411,0.7661948790311963,0.7747861192126841,0.7982651630067311,0.7848616010199094,0.7938635160769274,0.7676238105146556,0.7948478480517494,0.789206658954909,0.7660935733921677,0.775061508998178,0.7753844102111737,0.7781377083606187,0.7851617703078262,0.7870843541698396,0.7482453866961402,0.7714074909828095,0.7783034704480415,0.7762081542630173,0.7854290671971279,0.765886632876035,0.7570520896223751,0.7676916774573873,0.758261062121772,0.8296086768147616,0.825494695881761,reinforcement learning,generalization bounds,0.004113980933000527
Spectral Manifold Regularization for Stable and Modular Routing in Deep MoE Architectures,0.8207078347151435,0.7929779013313275,0.8097746489804889,0.7813590841931567,0.7916665010656525,0.7806573816683484,0.7577683347502376,0.7739234509603216,0.7785454916788881,0.781754345190758,0.7941867237647114,0.7758117140113271,0.7748808677229395,0.7834595667753425,0.7867453386351985,0.8081480286458828,0.8018688645771249,0.7562154471912128,0.8120848011064988,0.8185225870504063,0.7873162935499847,0.815658399189109,0.8045575235778543,0.7993376252983265,0.7618833853478573,0.7826931084051424,0.7832658485635193,0.7756903511960264,0.7960525444329358,0.8026403947463003,0.7968618327501713,0.7624753918906939,0.7909829161152917,0.7936401411180904,0.7767955380163505,0.7945115277154129,0.8051690301172698,0.7657129012004039,0.8022568739474885,0.7922531614562836,0.7524498098359873,0.7733476429722215,0.7774374571301514,0.7865782804826323,0.8003925542762177,0.7886407661364075,0.7780592904598453,0.7826435545667716,0.7633787845982543,0.8207078347151435,0.8185225870504063,deep learning,theoretical machine learning,0.0021852476647372665
IndexTTS 2.5 Technical Report,0.7992399991798527,0.8192038650063521,0.7959433351465552,0.7735825772300712,0.7719829113417295,0.7853822938055078,0.7567088504938164,0.8135695184973128,0.7645687484607768,0.8139659767746911,0.7878463635644701,0.7844341851617315,0.8085632827642003,0.7694948986735839,0.7877505253027489,0.7877628732946725,0.786778470767797,0.7466400525448759,0.8007916936114376,0.7936034891909276,0.7744997840844178,0.795460471475063,0.7712140787671382,0.7775723385103754,0.7746753055327604,0.7483654248554572,0.7972489929947744,0.8081281647905046,0.7786641559291649,0.7842599066982197,0.7818677567286237,0.7644716811935695,0.7873481310957924,0.7695357270077162,0.7770662075873473,0.7824009527292429,0.7864080957711236,0.7727588263057805,0.7869481870998813,0.785226851957751,0.7475023200614762,0.7675927266550681,0.7692877018370161,0.7672302763884709,0.7954949328838149,0.7728827662892076,0.7591372743764908,0.763888556156366,0.7592101778166915,0.8192038650063521,0.8081281647905046,large language models,toy dataset,0.011075700215847473
FLNet: Flood-Induced Agriculture Damage Assessment using Super Resolution of Satellite Images,0.8145325377830199,0.775702210278885,0.7633377455413066,0.7675573804266028,0.7608397556501053,0.7793789943107214,0.7390631856847614,0.7676629476556287,0.7821267543569163,0.7801832531478701,0.7571723628586687,0.7824050013451295,0.7720059573611252,0.7622775495918418,0.769357014909539,0.7776897582255643,0.7872943657671263,0.7323416964244712,0.7774527099684253,0.7804786612365391,0.7517706663251404,0.7730683029863515,0.7650855510560208,0.7510016104590511,0.7695265727468572,0.7448842548985903,0.7782665680601395,0.7629475222016125,0.7795422226695348,0.7733895768627693,0.7866062125923323,0.748246778607912,0.7635247186374374,0.7726449260714947,0.7524149948846628,0.7737145048102597,0.7880858324199241,0.7608827869830539,0.7759359594835554,0.7615347811949759,0.741741324460253,0.75502033497037,0.7669071651238161,0.7655565117789482,0.7685926039345888,0.7685172154912479,0.7765914719498933,0.7778008296937039,0.7786036248585764,0.8145325377830199,0.7880858324199241,deep learning,medical imaging AI,0.02644670536309579
"Women Worry, Men Adopt: How Gendered Perceptions Shape the Use of Generative AI",0.7843186607966967,0.7568602067320099,0.8427476555668278,0.7457081096642789,0.7967249117191844,0.7910518788564337,0.73046187652756,0.7532383410772283,0.7694668006168971,0.7637480120385024,0.7421050605807865,0.7685038489159937,0.7564970987576876,0.7927184774649431,0.7909322244113657,0.7993552579606252,0.8092892822382046,0.7156409138018127,0.7634169938261285,0.7720732181208998,0.7598986076123571,0.7884148510073207,0.7520423636061643,0.7608878638351529,0.7547522908737334,0.7377563223280684,0.7763959897248881,0.7855554980862609,0.7956335709219005,0.7945546081488356,0.8076878992775264,0.7755547375071841,0.8163996880650621,0.7555689432685544,0.798253509951254,0.7990841900137335,0.7996436750105661,0.7576907358609885,0.8002496443095346,0.7649989848890424,0.7344371059019064,0.7664803934075396,0.7682553133476719,0.77106609868421,0.7882325912452984,0.7701046410619302,0.7717705433920728,0.7480022181120538,0.7764714632685997,0.8427476555668278,0.8163996880650621,generative AI,gaming AI,0.026347967501765712
What Matters For Safety Alignment?,0.7855341824641123,0.8005953738065235,0.7779280984542021,0.7776118514635595,0.7734737661369279,0.7608693537818129,0.7639701490082226,0.7862400360753034,0.7550586392516676,0.7848944386169118,0.7707292863263517,0.7722211838706219,0.7846756337624651,0.7664535662387869,0.7775074022003814,0.7836151115547508,0.7766782835845347,0.7563811170897778,0.7889847499467738,0.7949249625630749,0.7847190997824042,0.789516707326712,0.787917924133373,0.7925464350032149,0.7567441698048474,0.7579563936982866,0.7773046878733796,0.7866357111612386,0.7812387904728304,0.7865402765717545,0.7784810124676177,0.7652543826080341,0.7807709930374036,0.7600914607415443,0.7558857022884451,0.7764010020555495,0.7752733628047265,0.7701458581846439,0.7824540786756692,0.7802646199019331,0.745538641775884,0.7697893025489047,0.7830674610063985,0.779439237271338,0.7973680620182101,0.7737066046877721,0.7647780740243714,0.7769174684860087,0.7950968453098267,0.8005953738065235,0.7973680620182101,large language models,robotics,0.0032273117883133695
Investigating the Grounding Bottleneck for a Large-Scale Configuration Problem: Existing Tools and Constraint-Aware Guessing,0.8010032399295248,0.801080025835809,0.8016595704466746,0.7791098084775241,0.7945186318216085,0.7976532772982234,0.7554519883142472,0.7763521454113423,0.7865805783316058,0.7778368735800587,0.7610147936721133,0.7950813365884319,0.7866109669016856,0.7899422120320352,0.805679783765359,0.8140335220236197,0.8154328756159848,0.7381666785347666,0.796695234653352,0.7922233078303584,0.7526323681640763,0.8204340264276798,0.795477928240138,0.7854088816239112,0.7502515224859326,0.7659679615997778,0.8012494149127669,0.788756422933654,0.8067859336358614,0.8015882838026457,0.8012664106067183,0.7681663301357545,0.8017809946508438,0.7938500203980622,0.7753862146618139,0.7899935933434641,0.7902975982101478,0.7826073502129552,0.8019265430092734,0.7952036333467656,0.7520254082623199,0.770412272606955,0.7866778392960125,0.7849095322495618,0.7987761224360914,0.785016587248573,0.7712784198912462,0.771423937160781,0.7648811307201409,0.8154328756159848,0.8204340264276798,cloud computing for AI,generalization bounds,-0.005001150811695054
Implementing the First-Order Logic of Here and There,0.7745373239083856,0.7665948691320289,0.7740291219900359,0.7550558489934038,0.7698200901564081,0.7611734730059856,0.7238883660799578,0.7912619836046219,0.7584844191247225,0.7707250204556718,0.7583197557187605,0.7802504950942281,0.7873792318806123,0.76098129017859,0.7774351956626457,0.7732179988919392,0.7817029202366235,0.7321572232550001,0.7784057429031536,0.8067707147927106,0.7817106040817702,0.7895990029009288,0.8258032588470379,0.7931221078161992,0.7564674205816697,0.7751150657319401,0.7767757095112786,0.7715372495009083,0.787616545424497,0.7856239469726434,0.7847276827651478,0.748304811066246,0.7575022997935301,0.7548588819586922,0.7466471682687454,0.7679037714256265,0.7663999390662172,0.7600122118710636,0.7652585216909426,0.7952753817357665,0.7485387673384645,0.7691722707937433,0.7640446226318738,0.77734500445513,0.7821797420070794,0.7751689227081078,0.7610143931349882,0.7657557761520248,0.7359646721216799,0.7912619836046219,0.8258032588470379,natural language processing,convergence proofs,-0.034541275242416014
xDNN(ASP): Explanation Generation System for Deep Neural Networks powered by Answer Set Programming,0.8378223414618853,0.7992833963860222,0.8164782198360131,0.768796566552683,0.793388007037422,0.7837522370532202,0.7657434772543674,0.7947655012169283,0.7659312901277451,0.7867900712376286,0.7572776273232386,0.7962291806136279,0.7831377934644471,0.7816764503819313,0.7932263021410819,0.8056902698081676,0.8076248110079415,0.7349294294740889,0.7901703560087466,0.7982614951813013,0.7778461540276504,0.7862005634185958,0.7733171349402549,0.7863465447862656,0.7693897078383949,0.75294202716108,0.7803728003865851,0.7745423355699618,0.8073292314622446,0.8017031164426894,0.8020269802217682,0.7612281968173339,0.7998671269740014,0.7787240386669759,0.7809588578573726,0.7883153497777488,0.7847570140317296,0.7677752318486253,0.7991728945373543,0.7802292019303827,0.7267266954402961,0.7565686981703411,0.7706317672560501,0.7660746914055537,0.7813720911024818,0.7695867065684889,0.7621300590071336,0.757025757145305,0.745093165793173,0.8378223414618853,0.8073292314622446,deep learning,AI for physics,0.030493109999640722
When Numbers Start Talking: Implicit Numerical Coordination Among LLM-Based Agents,0.7666760888211712,0.7932037337637429,0.7718049477544809,0.7528851163525326,0.8023158424106398,0.754564997380704,0.7376774830479925,0.7793766917640853,0.7562202920569264,0.7888590352810511,0.7725307316320903,0.76782396510282,0.7565793118209195,0.7551576906320429,0.767588796099027,0.7765829969940621,0.7733518060171714,0.750711940722942,0.7789739337080674,0.7826353554737675,0.775228699819022,0.7645396513761389,0.7744403001935193,0.7727915658896608,0.7408568003905681,0.7441306301527956,0.7712798637184345,0.7727374413470346,0.78052516884622,0.7822190962159354,0.770014192333798,0.7813215305463791,0.7848431126930583,0.752823429728743,0.7528997218927715,0.7544883499173203,0.7598433761176331,0.7468445298463369,0.7708671382840493,0.7875271384058403,0.7556058488515666,0.7609034278589568,0.7707745465638931,0.7571128385227892,0.7875109424604515,0.7611252280773763,0.7643550260665695,0.7660541524619593,0.7355809174535566,0.8023158424106398,0.7875271384058403,AI agents,algorithmic trading,0.01478870400479948
Formally Explaining Decision Tree Models with Answer Set Programming,0.8016467896156932,0.8013770776100292,0.7901385745973436,0.79164975194876,0.774571595017533,0.772585003251861,0.7574167744370528,0.7849115406713509,0.76119327809051,0.7957761904146667,0.780450335427959,0.8023652422345102,0.7762062536092533,0.7657741867997867,0.7792075375303266,0.7735913206342929,0.7858969412209665,0.7367628615744812,0.7995421586627983,0.7944107618062978,0.7688748380481516,0.7854065306894941,0.7795311561909765,0.7867042682965245,0.7575354619614416,0.747017408248521,0.7728912714382566,0.7871269432857197,0.7877504446281831,0.7819191420695217,0.7938612426405364,0.7581578635962716,0.7722124364257184,0.7691746073663802,0.7616143521417666,0.7714363628748311,0.7667692256641573,0.7971509208071794,0.7911388375828096,0.7762869105370129,0.7429562941905643,0.7456122156081605,0.7587906368177002,0.7673369810885902,0.785676520972346,0.7786801054158837,0.7699979346015796,0.7722957636477423,0.7735714434321096,0.8023652422345102,0.7971509208071794,document understanding,clinical decision support,0.005214321427330804
"XAI-LAW: A Logic Programming Tool for Modeling, Explaining, and Learning Legal Decisions",0.7914428299241658,0.8012012642843994,0.7864394936423197,0.7730711588318839,0.7865912892893254,0.7544883479031278,0.7557560393502362,0.7892826823570795,0.7612056422832414,0.804377031945205,0.767249240043287,0.8111451919051287,0.7748256510878565,0.7750953401456001,0.7803255980945373,0.7880202511228536,0.8003177201167769,0.7335317822765084,0.7965781019471089,0.7922603568957886,0.7879706863108616,0.7799105066179761,0.7673735129054211,0.7648675379716805,0.7443510609898442,0.7458700588427616,0.7593397045666389,0.7747924731074223,0.8012760964353804,0.8018018705952299,0.8046978228061682,0.7566143198524048,0.7923345568097786,0.7528370704423173,0.7774027965239473,0.7841128974626671,0.7733615536335818,0.7873116698754418,0.8031982702073027,0.7703516556401343,0.7307939358550319,0.7595793997832804,0.7633477056691811,0.7519296127039375,0.7680214596708032,0.7549483584989928,0.7435340223180645,0.7730182918333293,0.7573591281774734,0.8111451919051287,0.8046978228061682,document understanding,AI for biology,0.006447369098960487
On the Trap Space Semantics of Normal Logic Programs,0.7732208776104066,0.7851547634393053,0.7655106459433995,0.774315520084842,0.7586043536013144,0.7377030225198365,0.7605554815741344,0.7851053446196811,0.7629122354173855,0.8003669724169614,0.7807497392137127,0.7796445696688891,0.79555193337229,0.7416862227643152,0.7633884335762475,0.758387010673169,0.763971663841146,0.7491300385997345,0.7732097656416795,0.7923876879775174,0.7791103556883467,0.7878307398776944,0.7807024012886701,0.7845665934738234,0.7648070315177888,0.7688192645079015,0.7490986305673067,0.7566255020770035,0.7668713977252725,0.7613027019495674,0.7624178053865815,0.7622665845493469,0.7564626726751343,0.7477188842213809,0.7462209960573719,0.7500157239086788,0.7471129870553882,0.7671782645524581,0.7548491562656126,0.7673397975490578,0.729905864927411,0.7649931943998588,0.7641544562191042,0.7623193221343395,0.7784291432709344,0.7568311204785579,0.7623546890100212,0.7636611542405184,0.7340992342567675,0.8003669724169614,0.7923876879775174,vision-language models,theoretical machine learning,0.007979284439444068
Defeasible Conditionals using Answer Set Programming,0.7800311107179223,0.786900547764066,0.7722200763144976,0.775604620937262,0.7684350751226716,0.7639629063859533,0.7691521777555301,0.7848462494522254,0.7635358442903709,0.789250492096034,0.7673428336073487,0.7942931199034574,0.7882727861862474,0.763457428065105,0.7746728260645873,0.7718240122322627,0.7780649056320721,0.7484880577348143,0.8041919993997899,0.7871382074251576,0.7635470002633649,0.7899742955369963,0.7953515700593359,0.7835612942880109,0.7637861312974822,0.7629856476526719,0.7897257333811474,0.7664093419449447,0.7814311097935924,0.7781246368886322,0.7745575328192685,0.7518942889249896,0.7647947286573655,0.7647096210774332,0.7580116309381727,0.7600749655260532,0.759570991988302,0.7959686844967805,0.7704254016741068,0.7723108416681053,0.7750934814842056,0.7731692899947211,0.7792334313951716,0.7635884890477111,0.7773781835072175,0.7671511490288344,0.7582237018024178,0.7821379471091944,0.7718466924793894,0.8041919993997899,0.7959686844967805,reinforcement learning,clinical decision support,0.008223314903009427
Logic Tensor Network-Enhanced Generative Adversarial Network,0.8128003771305546,0.7924102554079971,0.8327539499942568,0.7673669681215771,0.7872303399729126,0.8001790375201823,0.7636031052872878,0.7942733378785621,0.7718112631118521,0.7935883244094535,0.7682614651071136,0.7647138034004934,0.7776154751547103,0.773858577678607,0.7737786470636372,0.7910132726169767,0.7923870130602407,0.7309322452057193,0.8018428013071419,0.814917774281373,0.7937508990264652,0.798938042420123,0.7792795338065454,0.7824734328264207,0.7689264425178787,0.7634804328633246,0.7949209411435295,0.7783527344404845,0.7944106109654309,0.7867204335265642,0.792490663496751,0.7650869752380894,0.8062149362385176,0.7804891220764064,0.7745589323006421,0.7778997704084158,0.7841473378473979,0.7645265868879152,0.7880564799358519,0.7744341887448706,0.7380691662986951,0.7586202733975145,0.7772785944834708,0.7737831780427539,0.7748327992058412,0.7717534371170472,0.7716510986279828,0.762218751003395,0.7448398211992356,0.8327539499942568,0.814917774281373,generative AI,theoretical machine learning,0.01783617571288376
IDESplat: Iterative Depth Probability Estimation for Generalizable 3D Gaussian Splatting,0.8162342158159025,0.7694747681332638,0.7949166270798054,0.7546969855605729,0.7587962399142312,0.7854521978432158,0.7316394964044419,0.7655641426614029,0.764526404466768,0.7731931802563344,0.7591766607038377,0.7653737799791097,0.7646126061945601,0.7521150620713725,0.783245611583306,0.7732636517892152,0.7842730388792529,0.7236568076334118,0.7877171624269081,0.7838088037625129,0.7588100288449168,0.8059984618010718,0.7923822934337245,0.7662707691282329,0.7566636051184235,0.7413519241873149,0.7770432391073107,0.7822307646117157,0.7930295900201891,0.7793695420285096,0.7741549100797717,0.7505107835619589,0.7705037020135734,0.7898654520423682,0.7647629751706089,0.7619004283317229,0.7866421791766625,0.7676957477619438,0.7823458579050377,0.7478470068112031,0.7432365891794371,0.7502729872218974,0.7665070389446814,0.750974376537848,0.7789155597268926,0.7624474116812803,0.763919133511406,0.7565713311810929,0.7508888262677229,0.8162342158159025,0.8059984618010718,deep learning,generalization bounds,0.010235754014830678
ROI-Reasoning: Rational Optimization for Inference via Pre-Computation Meta-Cognition,0.8059669678616177,0.8044866422362422,0.7945744792639448,0.7657210642031478,0.7790951089487601,0.7616778227171936,0.741487513951441,0.7861253925317455,0.7701421820020347,0.7932781294583445,0.7757746455822107,0.7903099181250535,0.7757918024836853,0.7795674515350948,0.7808598215865903,0.7867387314290445,0.8117708645213867,0.76899168877165,0.8329981221402343,0.8082807816023727,0.7849271657417043,0.7967333226153887,0.795768466979274,0.8209337398155823,0.7575354204966062,0.7377591784854753,0.7820987034119697,0.7917826014924295,0.7927892040601017,0.7907918164835845,0.7942196692508656,0.7656903131344214,0.8000864745623896,0.7758189312561714,0.7768771870952667,0.7941781544884847,0.7909850593443745,0.7794464164800475,0.7874024847623673,0.7825925183509175,0.7779774783125908,0.7863805857310173,0.7770027818976772,0.7616218707776679,0.800829018279045,0.7694841974316596,0.7645271755709226,0.7930961645348156,0.7664957275329953,0.8329981221402343,0.8209337398155823,reinforcement learning,optimization theory,0.012064382324652012
AI Generated Text Detection,0.8057485028472382,0.8273178514809627,0.8160293754043422,0.7650620723006496,0.7841545678148312,0.8040129009551329,0.7296711810649337,0.7975725613352138,0.7654397460015446,0.801370690947148,0.7634487472352613,0.781172428210522,0.7740079907500549,0.7714330181595642,0.7795224567359416,0.7800704516769145,0.7864289070651791,0.7357559533861108,0.7811356635031304,0.8146433876573467,0.7882762818060214,0.7934707685971581,0.7749759843516606,0.7713348491617199,0.76893362318597,0.7530073457173397,0.7751021471765633,0.796649327256066,0.7946903699658132,0.8006078869273452,0.8029864828890425,0.7665893300413537,0.7932974780525827,0.777414423993906,0.7703624355659907,0.7821711807074819,0.7869124892448542,0.7573241980299794,0.8192466602473925,0.7658388168390493,0.7218595081433477,0.7542479873226623,0.7713669962390137,0.7743940555728145,0.7849335681586159,0.7791959501846945,0.7641181971059691,0.7568250095094458,0.7605188676229899,0.8273178514809627,0.8192466602473925,large language models,drug discovery AI,0.008071191233570252
Where meaning lives: Layer-wise accessibility of psycholinguistic features in encoder and decoder language models,0.7969119852468387,0.8244482311243342,0.7812860741551,0.7797607063377134,0.7737448828652435,0.7797435157538486,0.7377276325444359,0.7924217864251701,0.7685596475452867,0.8213116987816609,0.7882245526230242,0.7886585207009605,0.7860640019795083,0.7677848427753488,0.7694607184416925,0.7728898319454799,0.7753621864297288,0.7339069101727517,0.7762959044407703,0.7886638873250321,0.7731730243354504,0.7961235334258747,0.7563325269066903,0.7691948721477948,0.7484648525768138,0.7655164415979568,0.7576004340917825,0.7816407119889661,0.7650102172425491,0.7729652623043737,0.7808022213091834,0.7648709279446283,0.7651868908807253,0.7585518671238751,0.7665518257815076,0.7665321556561607,0.7706356208532343,0.764155686236152,0.7752914639674853,0.759163246524567,0.7363150875177306,0.7645127890678395,0.7569819792458252,0.7608910546387431,0.7827349890226352,0.7560388344505705,0.7539495959550486,0.7702762352866708,0.7397689455807008,0.8244482311243342,0.7961235334258747,large language models,generalization bounds,0.028324697698459467
An Algorithmic Framework for Systematic Literature Reviews: A Case Study for Financial Narratives,0.7844604037272143,0.7991747424040759,0.7840694768150944,0.7731751593466385,0.7761673391970125,0.7665738486854421,0.7501094241358859,0.8152651489200599,0.7503872730027936,0.7930499403036089,0.7636736390034995,0.7859703775478224,0.7876415630312998,0.7773939505242193,0.7814711897796126,0.7852062899112444,0.7855455959950172,0.7485436174951795,0.7860171955782451,0.8022101474077804,0.7892292749049901,0.7656154519634832,0.7828908728375427,0.7860284626402366,0.7557474455349231,0.7708936623910472,0.7965488618764118,0.7690648107990933,0.7935301010852274,0.7903159853864055,0.7919586857144743,0.7485373884384615,0.7725134043933617,0.7666938419858187,0.7648398184384243,0.7790217680864702,0.770425974589099,0.7646708008435845,0.7914577752538893,0.818450275089221,0.7989250488001529,0.7874884305911591,0.7825875358184108,0.7735889267500221,0.7817799521523169,0.7682525110617732,0.7529458000828885,0.8172914375975264,0.7647643694443589,0.8152651489200599,0.818450275089221,natural language processing,algorithmic trading,-0.003185126169161112
Do LLMs Really Memorize Personally Identifiable Information? Revisiting PII Leakage with a Cue-Controlled Memorization Framework,0.791676907496428,0.8270716235605882,0.7728770015977557,0.7683691899886614,0.7689274144474676,0.7727429338282669,0.7239919499881945,0.7872120963304328,0.7658905838411373,0.8031118415997468,0.7783519416759311,0.763857345590753,0.7684651650664417,0.7580163808562124,0.7656622604905702,0.774371025070697,0.7831071212108813,0.7589658857131705,0.7920652989843004,0.7939671105048847,0.7864127369121119,0.8012688845911964,0.7701766985751737,0.7677710322855769,0.7620522631499814,0.7393194486050673,0.7863502875674027,0.7742757842579027,0.7731128458171437,0.7884126798355168,0.7838233971332297,0.754301111049587,0.7696697256002201,0.7576867427947205,0.7606520979698909,0.7697549841439627,0.7826107331409371,0.751922147412783,0.7858597895187961,0.7593032283470937,0.7395936358459338,0.7780540339943282,0.7672347729740312,0.7588399890614799,0.7777196300029228,0.766709719693649,0.7550603104590623,0.7729134035260301,0.7498160977883485,0.8270716235605882,0.8012688845911964,large language models,generalization bounds,0.02580273896939178
NeoAMT: Neologism-Aware Agentic Machine Translation with Reinforcement Learning,0.7932353911283614,0.8057308066216998,0.7997299719787384,0.7594479154528337,0.8045307330729355,0.7987085122516097,0.7465309639354092,0.8054088054618918,0.7584619277556638,0.8046462946187709,0.7754996843164481,0.8015265238069197,0.804504542343025,0.7767509063122408,0.7868024517511275,0.7786386959431356,0.7953230825086968,0.7397317430716475,0.8244545333400239,0.8066234662250793,0.7915686211802345,0.7770120874134314,0.7668982917720547,0.7936967457492855,0.7822302195510749,0.7596693546757681,0.7716615797355217,0.7787158488608281,0.7937166435582678,0.7986208653837662,0.7983347435416137,0.7651649424428717,0.7939529221710435,0.7492289076582845,0.7801812873130068,0.7803895809340485,0.7906999825803948,0.7590516460184001,0.802712997203957,0.8060441098181386,0.7356726429061518,0.7679422980968932,0.7667436597230924,0.7836482716622051,0.7988530622133018,0.7714694707210984,0.7583071170532374,0.7557474858024953,0.753061119786178,0.8244545333400239,0.8066234662250793,reinforcement learning,theoretical machine learning,0.017831067114944643
Criminal Liability of Generative Artificial Intelligence Providers for User-Generated Child Sexual Abuse Material,0.7881226624025569,0.7851136023839658,0.8459422882894934,0.7662824779739679,0.8035400947375213,0.7920464350141343,0.7516251999156064,0.7682095799554292,0.7840638185866572,0.7753784763870714,0.7617739120372079,0.7739806323561538,0.7753354997009156,0.7800719950543156,0.7802024275072437,0.7915789964278335,0.8072355599105072,0.7199419316187186,0.7778153222340137,0.792988335230448,0.7644527906094368,0.7982312014090787,0.7555244102270023,0.7673256338154452,0.7537223573576263,0.7502992063270205,0.7625509495921712,0.7740047214144009,0.7985923030660353,0.807166395496731,0.8060970056050342,0.7824485551201035,0.8169055254198703,0.7819376853939197,0.7826677998781797,0.7974567639860597,0.8043589861234076,0.7864372371985702,0.8064390351377602,0.7667966938870387,0.7306754245710962,0.7775861754663894,0.7747578312340666,0.781851635054428,0.7802539728477509,0.7769850448841173,0.7669853377867178,0.7712959831806032,0.7917667575354482,0.8459422882894934,0.8169055254198703,generative AI,gaming AI,0.02903676286962309
Membox: Weaving Topic Continuity into Long-Range Memory for LLM Agents,0.7946032315202857,0.8123178893913017,0.7919951532034695,0.7620401842919776,0.7854896068058634,0.7839332166334025,0.7398412383580198,0.7957300713629415,0.7601058320036549,0.7937006266851968,0.7705631387772709,0.7817114006049092,0.788197746492444,0.7807717142477344,0.7789505577260477,0.7898277971847848,0.8008835531239796,0.7682771906038189,0.7926887563249503,0.800030924696485,0.7831634856560962,0.7855718836050807,0.775918555957253,0.7804579484999858,0.7669388058245229,0.762958106974972,0.777822331093646,0.7856736547477166,0.7850427092696942,0.7869994059734028,0.7840689173701675,0.7571644772772967,0.7850209680890768,0.7517065764192868,0.7722226097305861,0.7815928301696005,0.7766881118290262,0.7550987879099212,0.781093308842076,0.7797541873407872,0.7431245831776581,0.7644123199956154,0.7820654094189744,0.7823819669470368,0.7948188093249859,0.7669902494132836,0.7567833571169786,0.7553983530690677,0.7497642070737349,0.8123178893913017,0.800030924696485,large language models,theoretical machine learning,0.012286964694816715
How Tolan builds voice-first AI with GPT-5.1,0.7822166649295006,0.7832273432141401,0.8218141972311442,0.7644250974432836,0.7973667326219479,0.772176911284436,0.7244199153366981,0.7861754706937368,0.762201349444128,0.794653448737561,0.7551724709834582,0.7446553575527279,0.7625586580252799,0.7896792771644092,0.8026278235533296,0.7861550760038416,0.8054461919844237,0.7228744215138772,0.7710283611918793,0.7742543772463165,0.7371141552602397,0.7702971692475397,0.7636379828469049,0.750348355979741,0.741472060833402,0.7477381456444381,0.7707163801119131,0.7935928986315774,0.7928283972436134,0.7947939196494661,0.7962121795596099,0.7573380675991389,0.8186125436951882,0.7602536630781345,0.7886159992511527,0.799504311700956,0.7879982905896302,0.7507870634048452,0.7985257428651064,0.766963489665821,0.7244103751338027,0.7529099324057157,0.7691504386609848,0.7760282697232119,0.7902328327614851,0.7716672589564646,0.7613787177722553,0.7442600058321991,0.7268444254827375,0.8218141972311442,0.8186125436951882,generative AI,gaming AI,0.0032016535359560283
Introducing ChatGPT Health,0.782314701149472,0.742936442059261,0.791844541629999,0.7193936806606007,0.7607007016879848,0.7537559201507015,0.7306935460341379,0.7722500885339229,0.7551473646593292,0.737799038373568,0.7207379830164383,0.755989979070556,0.7541887059094833,0.7553089179398064,0.7749204153816639,0.7735319260918411,0.7868304694435208,0.7109583825508083,0.7531522030834028,0.7489354167830415,0.7447312671531985,0.7424029483316327,0.7436982705565167,0.7448574020525102,0.713784023415045,0.7207746239833984,0.7478814255004326,0.7548407615061669,0.7662631408250882,0.7786790638525506,0.7859758401000303,0.7804330639962578,0.7903016192890422,0.7478429719867782,0.758981713140527,0.8369386828763566,0.8066250236312866,0.7804583659713006,0.7802832287063896,0.7666785618131209,0.7318922014289743,0.776075152331462,0.7760106599977062,0.7499496876220308,0.7776294314122527,0.765490701817931,0.7427018435296463,0.7299261878246237,0.7450030011524345,0.791844541629999,0.8369386828763566,generative AI,healthcare AI,-0.04509414124635769
Stone Center on Inequality and Shaping the Future of Work Launches at MIT,0.7797448903137993,0.7535798998090655,0.7666430835344973,0.7661645680499727,0.7692166057223437,0.7573960945983089,0.7153516696850635,0.7478794805396508,0.7600120821093501,0.7514220348320235,0.7421589111495881,0.7652304471225987,0.7540782477511888,0.7779511782598938,0.7772241792645498,0.7835467582272196,0.7895865890960571,0.7302447306961917,0.7719160469594141,0.783198786659419,0.757054125965227,0.7669920976376956,0.7772601301019334,0.7824845415085353,0.7689176982703455,0.7589241802302795,0.7823098595681021,0.7626247933177491,0.7898003205071927,0.7800790842676846,0.7779826765497289,0.7492603599599923,0.7695372061441628,0.7520020036190445,0.771453645771037,0.7750231938796552,0.764983115979442,0.7594496173833586,0.7799610480666801,0.7725873960229339,0.773361981317724,0.7792945881310366,0.781527240866208,0.7758778529887215,0.782231146719883,0.7782564098772894,0.7631388940797039,0.7721045298327258,0.7660837397029222,0.7895865890960571,0.7898003205071927,cloud computing for AI,AI for physics,-0.00021373141113567584
The Ring Appstore is here! (Sponsor),0.7622150502110814,0.7297998445334205,0.7549084047700413,0.7387683333642803,0.7639541433692372,0.7570039587442675,0.7385994584392458,0.7396664331555831,0.7521266254060868,0.7375260648494063,0.7209179383792441,0.7420300948328631,0.7484366510400294,0.7460715186434741,0.7826945720091567,0.7734304683351529,0.7712646262687616,0.7160434632162462,0.758667025007151,0.7341190609862451,0.7294956549981612,0.7355818711441697,0.7521464174666543,0.7269374945103666,0.717691577909202,0.7130381859428654,0.7450353366329906,0.7382565896581651,0.7718222053423214,0.7605194970541944,0.7584793506650515,0.7552894291360173,0.7603810109540334,0.7528760360889403,0.7521724281029867,0.7645848937368959,0.7653791126702805,0.7487406163746093,0.7696908553882081,0.759048606657025,0.726632052080232,0.7849447525742042,0.7903528960382249,0.7592024778210376,0.7639827777114725,0.7598633811492097,0.7555102304416876,0.7241602410900974,0.7423959227437102,0.7826945720091567,0.7903528960382249,AI platforms,blockchain,-0.0076583240290681864
Dynamic Context Discovery in Coding Agents,0.8065621155560128,0.7594923919786369,0.780446962225137,0.7463527489014876,0.7992643128220759,0.788870408118953,0.722752481287731,0.7648114201394325,0.7791629255804032,0.7707230500912636,0.7548511571855655,0.7857259489249819,0.7829072735816417,0.7629439192194638,0.7705990631402999,0.7638874232564528,0.7822793577688367,0.7136837191728469,0.7835984320276741,0.7664772536117225,0.7611383431056662,0.7533369597603704,0.7609333774864189,0.7527453177097361,0.7429967712290956,0.716512763039769,0.7525838490236272,0.7823583088984807,0.7732775807701484,0.7795683069507569,0.7761703966995541,0.7487281633773898,0.7753391927035062,0.7418349624642215,0.7622301602681429,0.7651100908936487,0.7587640958983594,0.7871753933769389,0.8171342643830647,0.7655301124672026,0.736935816437271,0.7663542423205617,0.7634764665422729,0.7629383155519116,0.7711104834389926,0.7679596427789751,0.7588909746985306,0.7378179387706845,0.7282370587778636,0.8065621155560128,0.8171342643830647,deep learning,drug discovery AI,-0.01057214882705193
xAI Raises $20B,0.7715132658923938,0.7490551911817096,0.7758419473394033,0.7434555424153828,0.7839489042102755,0.73688864324167,0.7058765844507977,0.7347358526121479,0.7429158816350404,0.7313193660452955,0.7318042444054086,0.7271424354218264,0.7371780193220926,0.8028499524981837,0.8031866620537185,0.8033607258535733,0.8113316184923263,0.7091738024751023,0.7637787324010148,0.7409687638390572,0.72826061903062,0.733728784690385,0.7431510885336856,0.729221256592214,0.7196097514992729,0.700050081376782,0.7514165028194977,0.7568085919862508,0.7901144495961551,0.7833770676527395,0.7829298620309799,0.738293743677026,0.7903028921994155,0.7181443497052866,0.779841149523174,0.7877968341907224,0.7832892292319693,0.7290862216570689,0.7852640448544272,0.7515641159390902,0.7625522526009111,0.7680830248484435,0.7717311034202066,0.7626337595971836,0.7648883951081034,0.7708156386287401,0.7403624590425131,0.7469675299472982,0.7452649713495385,0.8113316184923263,0.7903028921994155,cloud computing for AI,gaming AI,0.02102872629291075
Database Development with AI in 2026,0.7855771934779685,0.7535411729059635,0.7824142942609569,0.7299888443351565,0.7809271602915724,0.7509003502096788,0.6998683863622199,0.7643655274470834,0.7459030711014942,0.7327524604610554,0.7073155992088962,0.7740377666149713,0.7456513044528904,0.7950968794468767,0.7892521692145963,0.8067275186544951,0.8115014485554796,0.6828448102612666,0.7566786846375458,0.7567380824541583,0.7282133446791181,0.7523658929791772,0.7338766098811359,0.7396253702134206,0.7192527816634684,0.7168765294845404,0.7415734270407207,0.7615613280322371,0.7880644214870225,0.7927390534530186,0.8078288671214564,0.7317435523757821,0.7842891160618832,0.7375479899945083,0.7681094552783523,0.7952382049976134,0.7849557384793473,0.7583560654167598,0.8022199826687719,0.7547742079516045,0.7180254478274423,0.7402629908578474,0.7581083768752055,0.7544703859717011,0.7605002478492889,0.7517133359960719,0.7414343790373289,0.7306419352261444,0.73408446273237,0.8115014485554796,0.8078288671214564,cloud computing for AI,AI for biology,0.003672581434023159
Building Context Graphs for GTM  and Why Salesforce Can't Do It,0.775242716696557,0.7655869221580746,0.7773871250014298,0.7561679093321716,0.7613772753431126,0.7646115720671662,0.730388107363304,0.7574728415531501,0.7601134937804354,0.7509699294602987,0.7485983013502582,0.7718411528538727,0.7652768404418058,0.7580313936126761,0.7741057732763771,0.7663724894559216,0.7864292243317228,0.7114781508252306,0.7737758339829586,0.7795836162794126,0.7582413082028985,0.7837004652854347,0.7610719280157102,0.7658446428422184,0.7244081103865359,0.7357254599754477,0.7845699160741911,0.7686854274713995,0.7774322407049115,0.7822612075255899,0.7713142935918937,0.7666158857502181,0.7668197625809993,0.7832347548754217,0.7357058787982022,0.7642059891067097,0.7622497074227039,0.7653217932038919,0.7820481792207231,0.8027872947156021,0.75846306868687,0.7648958358888303,0.7856800538976032,0.75517013440035,0.7734005505691535,0.7643614740372675,0.7437375365923666,0.7665313009046143,0.7393000127364522,0.7864292243317228,0.8027872947156021,cloud computing for AI,algorithmic trading,-0.016358070383879264
Falcon-H1R: Reasoning with a 7B Model,0.8002267039012003,0.7995668509446645,0.7843944262634773,0.7911061497661092,0.7721420179017986,0.7693811214850365,0.7592733589092917,0.7792911391092989,0.7678781683977095,0.8007298551139341,0.7858086048502348,0.7758825877667183,0.776853701371488,0.7797880338209484,0.7907800916632806,0.7778707951278384,0.7934004257849384,0.7299077957055694,0.8014084373188924,0.7949459734061701,0.7689088701894278,0.7830715261819929,0.7735166806112633,0.7811024622433503,0.7547654703219857,0.7530134352663993,0.7874020949648421,0.7630015271953666,0.7907136512867834,0.7876419369508402,0.8000229440595737,0.7505444896340906,0.7829166814489333,0.7787669681245315,0.7661976056464825,0.7915371330845633,0.7791731649484746,0.7644226636375037,0.7804744450962005,0.7764691753145606,0.7349680739660617,0.7721985150114584,0.7825581897490713,0.7601471168003013,0.7856797449220313,0.774261614440749,0.7769374752230251,0.7912081796205295,0.7409068890337045,0.8014084373188924,0.8000229440595737,reinforcement learning,AI for biology,0.001385493259318693
Claude Bootstrap (GitHub Repo),0.7777956405636874,0.7635733649003991,0.8118196954711209,0.7723416951079682,0.7858041170094594,0.7566661020041012,0.7147643447797463,0.7555329048940773,0.7677162666820609,0.758172887995482,0.7512341060628154,0.7563894894878892,0.7365486852162103,0.77185645666627,0.7966512140123154,0.8051173054653169,0.8041091341707459,0.7363574869081134,0.7729501346215145,0.7648252930806261,0.7453879455934903,0.7718267744352919,0.7601046467947863,0.7564261827082059,0.7284598904150705,0.7461526253127437,0.7644538653070239,0.7642786554033296,0.7983593332370712,0.796697978498205,0.8052739788453076,0.7468462460017852,0.7954189925123,0.7696863213667884,0.7676241454218323,0.7970369633381964,0.7830736118509909,0.7583658728669664,0.7950184951898903,0.7725387430870163,0.7424393332953133,0.7830870051878916,0.7990019110163172,0.7756696738229977,0.7913590680013893,0.7750250969134904,0.7617990281772031,0.7462598373356072,0.7370533989359729,0.8118196954711209,0.8052739788453076,generative AI,AI for biology,0.006545716625813269
AI Gateway support for Claude Code,0.7516147827953885,0.7437971297192661,0.799274003771393,0.7322888587686369,0.7890281758123849,0.7631907324528395,0.7100727318627296,0.7581322562314351,0.7592529126765069,0.7628621744419588,0.7422266406869694,0.7507683946932823,0.7567503542097074,0.7892655158690172,0.7985717655391614,0.8064483771054587,0.8198908288454233,0.70091184043771,0.7534794529840956,0.7426088118272842,0.7193183568511448,0.750974630391089,0.7618256256312889,0.7322967349732243,0.7372933076400114,0.7322672344788971,0.7602418559557065,0.7553218642375937,0.7853151131695367,0.7913475654501627,0.7957868281539869,0.7402837701310891,0.8006308433441328,0.7624128897453069,0.7716268012879444,0.7977804988304121,0.7803112387545169,0.7487603155860293,0.7946278331494595,0.7797351503882899,0.7146996491457918,0.7663543242752061,0.7840606084767214,0.7742056045093921,0.7645762339887003,0.7509717063552581,0.743532271336646,0.7206227967570232,0.7033264170011487,0.8198908288454233,0.8006308433441328,cloud computing for AI,gaming AI,0.01925998550129049
AI Observer (GitHub Repo),0.7748748748026159,0.7399327460207828,0.7979621683046917,0.7287588870336873,0.8057906409831922,0.7453546626053728,0.700850820861785,0.747256107192534,0.7777693578841965,0.7577548518131472,0.7370274959408493,0.7379175475312656,0.7386904132370107,0.7830815534802785,0.7992093267360827,0.7979455395916424,0.8011682395315745,0.7250576853237495,0.7526359420396495,0.759986401080463,0.7291656274691373,0.7359285243491297,0.7444131970336006,0.7595155171140103,0.7180899835932059,0.7290434520897829,0.7571304589543951,0.7695350592156227,0.7957174255167145,0.7911203358852464,0.792876924739251,0.7407913266928198,0.7990594983404606,0.7391838535613848,0.7925379437623242,0.8028808029590887,0.7921708136149463,0.7237359615604282,0.7847077283444304,0.7694419991728871,0.7102377234664373,0.7703858055531233,0.7812964704180965,0.7851431378091509,0.7840229452305246,0.7581800983585527,0.7575719601423124,0.7292773648446957,0.7259554858698087,0.8057906409831922,0.8028808029590887,AI agents,healthcare AI,0.002909838024103495
AI Needs Game Designers,0.7730439863948786,0.7483546014748474,0.8099702738122043,0.7251517246678957,0.8400437726537915,0.762649435632931,0.7342854849504676,0.7445106782056308,0.773265151380028,0.7444665599588766,0.7279085959041153,0.7598280857965769,0.7614119305797435,0.7860217596923857,0.8006478536109732,0.8006576275019526,0.8010672213033113,0.6995744665092545,0.7844438811370144,0.7551594855867831,0.7450191684345517,0.7452843760660962,0.743483294780392,0.7621366134625935,0.7180110557089726,0.7380294793715951,0.7313240919706829,0.764140672177526,0.8030255151872888,0.8025487059697781,0.7980138207129351,0.801288847601714,0.8449989608748677,0.7838987357351078,0.7927466889407093,0.7859774170295611,0.7848088319309845,0.7514146083108604,0.802563559575092,0.7574754192860312,0.7070849704709384,0.7495099801188666,0.7592399561508674,0.7719424623504507,0.7846904974114195,0.769543298844575,0.7708009064615726,0.7342033692126864,0.7287927879737056,0.8400437726537915,0.8449989608748677,AI agents,gaming AI,-0.004955188221076212
AI leaderboard maker LMArena hits $1.7 billion valuation,0.7716992455395568,0.7562293382922933,0.7663345852112213,0.756984194078397,0.7738086048837594,0.757152503657796,0.7030100638848579,0.7429200058185467,0.762142651392276,0.7474133826232299,0.7408846727028837,0.7239655561054715,0.7464856869065885,0.7799206547864289,0.8055442385089823,0.7844652156063182,0.7813207281138403,0.7389415300914954,0.7683699867876064,0.7692259521877126,0.7502809662109878,0.7556436422627277,0.7442723143636603,0.740753385680574,0.7170061621827557,0.7297352813668054,0.779481139439987,0.7473183051437342,0.7676192152866255,0.7659539072241123,0.7680122912945557,0.7606665525546379,0.7914622591681548,0.7551224998993942,0.7787236139148547,0.7891582240331697,0.7798212085211123,0.7342827087159103,0.7874527465955027,0.7721828146383309,0.7487434679067531,0.7764981249200201,0.793889489311989,0.7646549538715328,0.7697691600464939,0.7573164609907501,0.7555260563846312,0.7674715940211377,0.7539342092767913,0.8055442385089823,0.793889489311989,AI platforms,blockchain,0.011654749196993275
"Alien Processes, Domains, and Data Models",0.7962563088322688,0.7868901840355278,0.8028748157203079,0.7732719239738205,0.8490212790008438,0.7623734779320723,0.7291230474324585,0.7831664814341404,0.7669081218008206,0.7766312190895737,0.7694273771264375,0.7805234958690758,0.7618676294286753,0.8248553694188945,0.8157096827116077,0.8021316295897487,0.817263720692545,0.7107391432645933,0.7663456503065335,0.7688154396393044,0.7553616854422119,0.7455121559178806,0.7431725490238064,0.7446509465683484,0.7280046949740601,0.7414830089779307,0.7468379696908254,0.7598457168418097,0.8129336642157678,0.8051478661439933,0.8152027613068724,0.753950105086067,0.8079165137071922,0.752826718387956,0.7972981457558406,0.8111468657932032,0.8075967171329318,0.7440429089984794,0.8162774744723442,0.7761038851990193,0.7123668250928188,0.7646562130446397,0.7691616571023517,0.7862108588476519,0.7873380281289138,0.7905739111720608,0.7876960507827802,0.7758828901599188,0.7333429973178665,0.8490212790008438,0.8162774744723442,AI agents,drug discovery AI,0.032743804528499565
Google Big Sleep: Linux Vulnerabilities,0.7740214097071847,0.7865661521951909,0.7479488813439563,0.7314609416906335,0.7397954706202942,0.7540165331641985,0.7168271772146809,0.7517292692067319,0.7491342816168831,0.747261933464742,0.7315860685178613,0.7461329176339464,0.7523705460603056,0.7212045390475827,0.7597094826513718,0.7420511490182254,0.7605963050771691,0.7343840499372162,0.7540582658129868,0.7477167804333885,0.7335822407430242,0.7608217696629515,0.7575023092907156,0.738050266617324,0.7629540008222816,0.7102960246265773,0.770609611147592,0.7487329490677747,0.739442031677877,0.7224259268342027,0.7425264019470181,0.7380076801716294,0.744953997068439,0.7655035257205439,0.7136627155206456,0.7454242188240817,0.747149373187597,0.7351297090952936,0.7623440778902133,0.7332075496837929,0.7108907182425683,0.7601997532038218,0.7683251953989632,0.7455284487333095,0.7597140201421869,0.7540195372223261,0.7475505340639401,0.7227038445097934,0.7467560104534704,0.7865661521951909,0.770609611147592,large language models,synthetic benchmark,0.015956541047598916
"The Subtle Voicebuds use AI to transcribe your words below a whisper, or in very loud spaces",0.7929826143608038,0.7709621808008404,0.7897576509326494,0.7374473421590279,0.7912907971101768,0.7616075539628454,0.719740161568296,0.7704863614045354,0.7448940701945125,0.7737119982767149,0.7643715202475878,0.7658152347246755,0.747907948434421,0.7716589436434972,0.8034251820044145,0.7783533164961265,0.8040091898485373,0.7181961671951372,0.7582508154308603,0.7700787501030759,0.7352292645538377,0.755375535114687,0.7561708889280238,0.744787973539839,0.7457118051109685,0.7325517257748765,0.7566272815293885,0.7431087821741399,0.7878784806891798,0.7879721448489079,0.7909744956046881,0.7317369436066898,0.7853025687956032,0.7526432781759343,0.7769176073162166,0.7754556886788918,0.7807165594067592,0.7394760379416259,0.7922660752680515,0.7609196141083727,0.711395357799936,0.749291339963556,0.7674205890142103,0.7679379204857145,0.7708049127448845,0.7679765257922259,0.775015929484193,0.7228132787222159,0.7102440563170651,0.8040091898485373,0.7922660752680515,cloud computing for AI,drug discovery AI,0.011743114580485825
Wrapping my head around Gas Town,0.7494477726881134,0.7590246892721273,0.7630169422528152,0.744377410249877,0.7555369319728619,0.7338256513600248,0.7377278984742772,0.7509011059008908,0.741782012718962,0.7492771967146938,0.7526544559206098,0.756328948628247,0.748907851841431,0.7377811771636604,0.76057042041614,0.7614563441905569,0.7534754320032511,0.7595421948012503,0.7473496948653426,0.7481165123996134,0.7560203611253572,0.7541835886206424,0.7304916614424005,0.7682535786516518,0.7133507956049591,0.7393847791942364,0.72034166556218,0.7514847776381779,0.7597652587502693,0.782059465956756,0.7522324770713367,0.7637255478252324,0.7560870427249418,0.7494392075802365,0.7349208061572667,0.7482404146146837,0.7375215240492029,0.7340500871475114,0.7483852997839945,0.7680866826856386,0.7314535342297271,0.7712597757371515,0.7777197664266966,0.7662395290657836,0.7632010878420322,0.7572694916653212,0.7585241007414237,0.7397341655990239,0.7135139464286484,0.7630169422528152,0.782059465956756,generative AI,AI for chemistry,-0.019042523703940772
Delivering Massive Performance Leaps for Mixture of Experts Inference on NVIDIA Blackwell,0.8195394551213788,0.799645389179358,0.808613617891169,0.7856313940131474,0.8124112732874769,0.7673589543051835,0.7306975151891313,0.7804411405065602,0.7906710684738655,0.7788149634287,0.7873008470098349,0.7823806664878855,0.7571147905253558,0.812575340238388,0.822171310022863,0.817160926281319,0.8255385378742117,0.7236977779794193,0.785590328883967,0.7826583737532004,0.7629512999311514,0.772299254751775,0.7784087172313809,0.7591224467449735,0.7466732633804276,0.728312880632715,0.7912083211447014,0.7776995276201416,0.8167411516140296,0.8182252504357369,0.8185317029018423,0.7683912214767543,0.8216489590156829,0.7835673757877909,0.8080726782035914,0.811902338831607,0.8189686442126318,0.770195615527553,0.8187864789685982,0.7659398921004059,0.7502303308119695,0.7775430179319545,0.7800672965346324,0.7718533236261605,0.7836943990497659,0.7820330385259513,0.767691892580098,0.781381698329497,0.7574074695599385,0.8255385378742117,0.8216489590156829,cloud computing for AI,gaming AI,0.0038895788585288082
Build and Orchestrate End-to-End SDG Workflows with NVIDIA Isaac Sim and NVIDIA OSMO,0.787452228966821,0.765710096618283,0.7981112868428458,0.7754520181665221,0.80071036522088,0.7673430018737346,0.7478323023154916,0.776195093603561,0.7784951121738681,0.7818161714981652,0.7647385199258601,0.767255774851015,0.7769380985104772,0.7762699272497692,0.8037516272191199,0.7981532468618061,0.8114404651592035,0.7301925656100068,0.7821383249279492,0.7756776340076184,0.7512967327856263,0.7650751777020884,0.7754580724382567,0.7978469088337143,0.7595691785129774,0.7442161797123115,0.7935702779017051,0.7801416189331496,0.816253963073207,0.8125897144972318,0.8114830230310741,0.7718972167743129,0.8015364388988624,0.7943745023804019,0.7576066966113983,0.7993896943261376,0.7998751076687359,0.7715008831678368,0.794833216019586,0.7839898014697654,0.7439694504787333,0.7689198669321468,0.7800183332442785,0.7993257176827688,0.820833061742932,0.7933693529710922,0.7811019104696586,0.7732360820406672,0.7499989390229191,0.8114404651592035,0.820833061742932,cloud computing for AI,robotics,-0.009392596583728485
Delivering Massive Performance Leaps for Mixture of Experts Inference on NVIDIA Blackwell,0.8195394551213788,0.799645389179358,0.808613617891169,0.7856313940131474,0.8124112732874769,0.7673589543051835,0.7306975151891313,0.7804411405065602,0.7906710684738655,0.7788149634287,0.7873008470098349,0.7823806664878855,0.7571147905253558,0.812575340238388,0.822171310022863,0.817160926281319,0.8255385378742117,0.7236977779794193,0.785590328883967,0.7826583737532004,0.7629512999311514,0.772299254751775,0.7784087172313809,0.7591224467449735,0.7466732633804276,0.728312880632715,0.7912083211447014,0.7776995276201416,0.8167411516140296,0.8182252504357369,0.8185317029018423,0.7683912214767543,0.8216489590156829,0.7835673757877909,0.8080726782035914,0.811902338831607,0.8189686442126318,0.770195615527553,0.8187864789685982,0.7659398921004059,0.7502303308119695,0.7775430179319545,0.7800672965346324,0.7718533236261605,0.7836943990497659,0.7820330385259513,0.767691892580098,0.781381698329497,0.7574074695599385,0.8255385378742117,0.8216489590156829,cloud computing for AI,gaming AI,0.0038895788585288082
Redefining Secure AI Infrastructure with NVIDIA BlueField Astra for NVIDIA Vera Rubin NVL72,0.8124351194476127,0.7771481052769154,0.8022382655589738,0.7785610883130183,0.80172919234446,0.787336324038176,0.7298263526419438,0.7726184639661482,0.7846999070209497,0.7648022953665473,0.7537818440550789,0.7562075584342729,0.7606432336287626,0.8047499474453313,0.8298879447944919,0.8581419638868513,0.8483599423017683,0.7142891533696021,0.785217215195885,0.7695850668611417,0.7501255081266672,0.7432551293172057,0.7545537301907113,0.7492980500946316,0.7616840722661625,0.7582076563390769,0.7800714765685469,0.7567844811229338,0.8159006113978252,0.8032562473507446,0.8188674651648328,0.7501680829085882,0.8186351969427162,0.7706944500677463,0.7902668385682234,0.8116909160945496,0.8162757149286056,0.738271709305768,0.8099943851935824,0.7912829118818321,0.7487501405683964,0.7882686321046093,0.7933557270898364,0.7942586347075059,0.7822348646281828,0.7858941213239178,0.761602318044944,0.7650357653473204,0.7620179190404335,0.8581419638868513,0.8188674651648328,AI infrastructure,AI for biology,0.03927449872201849
Redefining Secure AI Infrastructure with NVIDIA BlueField Astra for NVIDIA Vera Rubin NVL72,0.8124351194476127,0.7771481052769154,0.8022382655589738,0.7785610883130183,0.80172919234446,0.787336324038176,0.7298263526419438,0.7726184639661482,0.7846999070209497,0.7648022953665473,0.7537818440550789,0.7562075584342729,0.7606432336287626,0.8047499474453313,0.8298879447944919,0.8581419638868513,0.8483599423017683,0.7142891533696021,0.785217215195885,0.7695850668611417,0.7501255081266672,0.7432551293172057,0.7545537301907113,0.7492980500946316,0.7616840722661625,0.7582076563390769,0.7800714765685469,0.7567844811229338,0.8159006113978252,0.8032562473507446,0.8188674651648328,0.7501680829085882,0.8186351969427162,0.7706944500677463,0.7902668385682234,0.8116909160945496,0.8162757149286056,0.738271709305768,0.8099943851935824,0.7912829118818321,0.7487501405683964,0.7882686321046093,0.7933557270898364,0.7942586347075059,0.7822348646281828,0.7858941213239178,0.761602318044944,0.7650357653473204,0.7620179190404335,0.8581419638868513,0.8188674651648328,AI infrastructure,AI for biology,0.03927449872201849
" Stop turning Grandpa into a Pixar character, and do THIS instead",0.8157694697202215,0.7936489681952495,0.8399098845663635,0.79028610403791,0.8090334041359759,0.8072392632818031,0.75249762125834,0.7929516236222253,0.8007521682055909,0.7897247948934546,0.7750810371066854,0.7791088836135408,0.7815324589391212,0.8024661383228586,0.8060662902315189,0.808648955192003,0.8277075894567704,0.7462330006995309,0.7979664229372103,0.7874702800684737,0.7817700811315406,0.7926314176320619,0.7848551308815629,0.781687906218926,0.7664343354713073,0.7741859412901754,0.7853725896105954,0.7859949390313195,0.8121279662421116,0.8134315843333229,0.8199854721307374,0.782264292675487,0.8198070654920817,0.79804927083932,0.8055564890479651,0.817888162798907,0.8280889680620647,0.7740995574093644,0.8178268151657964,0.7906903183153955,0.7499008321950696,0.7941297097390551,0.7910099604555026,0.7957164442067444,0.8130788013383924,0.7986689329302206,0.789767188433978,0.7712734480309561,0.7717912851863146,0.8399098845663635,0.8280889680620647,generative AI,medical imaging AI,0.01182091650429884
Inside Chinas $10B Plan to Accelerate 50+ AI and Tech Initiatives,0.7873646213121658,0.7535463803945729,0.7849820071065607,0.7375737628983863,0.7877228358872309,0.7658185108801863,0.7280710579218216,0.7449472429576548,0.7675223003205995,0.7392911113657197,0.7452444646527265,0.7501036315455258,0.7732610291595367,0.7936501802491811,0.7988336608588897,0.8088799371661943,0.8108671963236148,0.7200320287277688,0.7830573900075808,0.7619340193225311,0.7522076779063227,0.7620318277580667,0.763720281499012,0.7674386981253327,0.7323411511928488,0.7348700242532598,0.7891447894899082,0.7512998452568855,0.7897001262243881,0.795087933509943,0.7843524419260802,0.7651383890189136,0.8058575511179324,0.7534019675572831,0.7947337190192001,0.7905996816417654,0.789876819588472,0.7404887399581785,0.8003044720007496,0.774875719885813,0.7520043816866538,0.7702197215183417,0.785960380324573,0.782565723777307,0.7898981211251104,0.7853705610991418,0.767110345271708,0.7545065099833819,0.7451493044760671,0.8108671963236148,0.8058575511179324,cloud computing for AI,gaming AI,0.005009645205682367
"900,000 Users Hit as Malicious Chrome Extensions Steal ChatGPT, DeepSeek Chats",0.7906643633662003,0.7755979140977075,0.7840584491660618,0.7344009086928318,0.7831237548890414,0.7799987600235382,0.7339599304654497,0.7809181690887992,0.7677822542308961,0.7637414402304066,0.7390594832398922,0.776609247873146,0.7791529728674618,0.7723341598530864,0.7700316591429492,0.7672379423208782,0.785753913067974,0.7409968308518661,0.7728878014323962,0.7706026265287951,0.7491512996436589,0.7661217544036399,0.7643230154078671,0.7611220475873923,0.7561649532391768,0.7342905468834471,0.7847911781339648,0.7839086877973512,0.7663447357948974,0.7786805891495537,0.7747216546169449,0.7597932761348705,0.7944063959243212,0.7448081364627975,0.7732066054665518,0.7778631622398176,0.7771873119738876,0.7518043549831126,0.8037629847280234,0.7749479924093977,0.7196192761572716,0.7790689881594333,0.786841065854914,0.767569432055258,0.7792489652483321,0.7572160572183281,0.7751150420467819,0.7255561086667164,0.7558607934694028,0.7906643633662003,0.8037629847280234,deep learning,drug discovery AI,-0.01309862136182316
Singapores DayOne Raises $2B Funding for AI Infrastructure Ambitions,0.7893410125241703,0.7615804924925194,0.7929472280613651,0.7729812476979896,0.7782262907954418,0.774590701797221,0.7497155958231128,0.7655784975562019,0.7731936387336598,0.7542407632244721,0.7478882238400932,0.7698738701165824,0.7580428161567343,0.7909077442097043,0.800185133246738,0.8231152810911531,0.8188411920132816,0.7245588711388204,0.7884874757415012,0.7660196992406876,0.7550329712114825,0.7750482892984918,0.7714406044021282,0.76503265683312,0.7523680077171773,0.752785864008588,0.7884118285019338,0.7731458144658985,0.7881318268747041,0.7784604907848642,0.7810367219970277,0.7580864326749546,0.7937170135682221,0.7767858023780808,0.7741285814573095,0.7966756023551766,0.7877390576829121,0.7619748556829264,0.7965964191177327,0.7648123593224444,0.760628701871411,0.7830200491503991,0.7935389135271655,0.7833332293376838,0.778658971657911,0.7816498203601916,0.7714425663156028,0.7692033853662903,0.7565747489469513,0.8231152810911531,0.7966756023551766,AI infrastructure,healthcare AI,0.026439678735976413
Build Practical Cyber Defense Skills with This 5-Course Bundle,0.8039143329193247,0.7624322728121159,0.772447000720341,0.7665270457180312,0.7786391191380191,0.7734282757007505,0.7388800514399543,0.7704208327831836,0.7841608916400042,0.7613304130673025,0.7453118604161462,0.771843605389807,0.7634546024967074,0.7750361135361458,0.7739221376537518,0.791430751661406,0.7970839174410957,0.7320157866494017,0.798555028600323,0.7920610975388737,0.7765998004738391,0.7700236865227402,0.765060907556544,0.766030360666586,0.7489057220335388,0.7580317315962859,0.7844917913712006,0.7598684514766638,0.7781583352645084,0.7741183517814022,0.7774908428952676,0.7609722032303301,0.7871098335332303,0.7644676058653148,0.7587106699027655,0.7733252186017452,0.7676790998960139,0.7638172884690166,0.7777726670574456,0.7739329209175572,0.7477557300546012,0.7862834562377633,0.7829718854079334,0.7684193891433427,0.7755643488843327,0.7611569785170835,0.7727721282830297,0.7622852750642942,0.7710225503105929,0.8039143329193247,0.7920610975388737,deep learning,theoretical machine learning,0.011853235380451022
