title,deep learning,large language models,generative AI,foundation models,AI agents,retrieval augmented generation,RAG systems,natural language processing,computer vision,vision-language models,multimodal models,document understanding,semantic search,enterprise AI,AI platforms,AI infrastructure,cloud computing for AI,cybersecurity AI,explainable AI,interpretable machine learning,fairness in AI,AI policy,MLOps,reinforcement learning,new AI features,theoretical machine learning,learning theory,generalization bounds,convergence proofs,optimization theory,novel loss function,theoretical architecture,synthetic benchmark,toy dataset,AI for physics,AI for chemistry,AI for biology,game,gaming AI,graphics rendering,entertainment AI,healthcare AI,medical imaging AI,clinical decision support,drug discovery AI,algorithmic trading,quantitative finance,cryptocurrency,blockchain,autonomous vehicles,robotics,self-driving cars,drones,financial modeling,risk assessment,acquisition,mergers,startup funding,animation,max_positive_score,max_negative_score,max_positive_keyword,max_negative_keyword,final_score
MHLA: Restoring Expressivity of Linear Attention via Token-Level Multi-Head,0.8147954178518036,0.7899769432464125,0.7959885564851032,0.7469731126328851,0.7692388032260938,0.7876881777118314,0.7255043255375841,0.7868876355306718,0.7826978514851423,0.7945539618656935,0.7871174544192018,0.7730011935527011,0.770844329554784,0.7616193082751951,0.7714215233868075,0.7767998032852922,0.7870176170766683,0.7714997041027886,0.7889465903041938,0.8019350383216759,0.7773888189837107,0.7558623346584538,0.7570721114546822,0.782461551262724,0.7897316427719772,0.7987391159462172,0.7696386694133306,0.7726153355906412,0.7691290432044042,0.7752968113472383,0.7688074252820433,0.7674787780526982,0.7645795136012977,0.7653185942783842,0.7791612642311996,0.776827355364254,0.7804517726469105,0.753852004963294,0.7776281992147734,0.7824364666149508,0.774465106449796,0.7906564840451291,0.7827434985060946,0.7564035307720898,0.7706828969628954,0.7661264991785889,0.7431842875638468,0.763534170956995,0.7775618180546952,0.7662566055122096,0.7738841977691723,0.7720956677614057,0.7518593447894809,0.7458824020001571,0.7456478269417512,0.7532739134838147,0.7487401532504526,0.7477441835499528,0.7861979299030718,0.8147954178518036,0.7987391159462172,deep learning,theoretical machine learning,0.01605630190558649
Failure-Aware RL: Reliable Offline-to-Online Reinforcement Learning with Self-Recovery for Real-World Manipulation,0.824375910888583,0.7747217751384102,0.7915315466271582,0.7673925329761082,0.781329052731339,0.7759403264831352,0.7753310156332229,0.7844174814266331,0.7757585976947933,0.7792826162424693,0.7596000085478503,0.7751747713647621,0.7675148899265352,0.7701244693745072,0.7849018271477923,0.7868762532824304,0.7872177664801272,0.791048841025425,0.8017947984412921,0.810748458904548,0.8158730157252838,0.7852369177028891,0.7347256173797404,0.8637199175907607,0.7970672295669742,0.8050798611446881,0.8070942989606048,0.7809710091308358,0.7836578383048306,0.7935641845661082,0.7909976827769705,0.7432668166184224,0.7672547116726547,0.7754922656760864,0.804036528160842,0.7853331161136936,0.7908966982912028,0.7732557969490409,0.792247855057618,0.7726944421445017,0.7671478078610826,0.7812462542337062,0.7796049149550769,0.7626509171552813,0.7894294440196825,0.7819821386467627,0.7381242386326049,0.7708361233092084,0.7753239547733656,0.7756011935512204,0.8063211110367636,0.7815738674069033,0.7738847644427037,0.7703273296152051,0.7655093075495739,0.7663611068426814,0.7586971523210133,0.7709474066240299,0.770932716507638,0.8637199175907607,0.8070942989606048,reinforcement learning,learning theory,0.056625618630155916
Kinship Data Benchmark for Multi-hop Reasoning,0.8064009744483466,0.8381144942890396,0.8011669581863476,0.7839314632424798,0.7732538688616126,0.7715969427214762,0.7444851027676841,0.8053516908428289,0.7728290323479065,0.8065776748173961,0.8016063628249983,0.7922530360126091,0.7913881798686588,0.7666288218049728,0.7860219962668,0.789203319864946,0.7931051409736477,0.7792242742994319,0.8031491548006544,0.8156243990099523,0.7963977621652257,0.7691032157579537,0.7708608091759339,0.7855557028491301,0.7903943672860654,0.7893297006268175,0.772125013956817,0.8098648621378942,0.7871064828280568,0.7762607565489964,0.74876733237775,0.7501362641811433,0.8067867206746656,0.7975823473920302,0.7853422006677853,0.7842619798422201,0.804615805361542,0.7774280748988037,0.7886608378074763,0.770090335747526,0.7807533637748038,0.7907845494075787,0.7823988746647413,0.7758969930130707,0.7827970232092428,0.7686300602493521,0.7662649360761491,0.7878810778460702,0.8020548343097104,0.7668038962716209,0.7926634918636912,0.7721168955423827,0.7672506884171533,0.7794394027711092,0.765710952026273,0.7644592938348643,0.7817588548596361,0.7549260589559963,0.7794873519805637,0.8381144942890396,0.8098648621378942,large language models,generalization bounds,0.0282496321511454
Benchmarking Small Language Models and Small Reasoning Language Models on System Log Severity Classification,0.80830256520394,0.8215661940760425,0.7726428638300019,0.7731961470993824,0.771323346633,0.7831514568970589,0.7976143399088522,0.8066586215185192,0.777709939756261,0.8017492356158935,0.7698594088891457,0.7943522451784226,0.7965207916195851,0.7675566402449067,0.7727510209510654,0.7742193764569107,0.789801382461897,0.782071543325423,0.7874201686755272,0.7977889488346853,0.7860232861299148,0.7632448116007733,0.7437864899466656,0.7920756858015428,0.7896079971168997,0.7978521919558346,0.7737279409876956,0.7969196589675513,0.7855057659324827,0.776656300216596,0.7691758621193476,0.7537571035393982,0.8083644641062251,0.7682179612071738,0.7736428226363099,0.7789405759678913,0.7830575425536119,0.7601242518493437,0.77385684016178,0.7734454911522031,0.7505094122576164,0.7753292678615386,0.7787481517367943,0.7820802791494919,0.7852705731090821,0.7667844162265248,0.7499503590092776,0.7633965158681622,0.7725593790795096,0.7676881871371328,0.792632178273653,0.770816190238142,0.7670188471515283,0.7759657403501198,0.7794067945116483,0.758412638936531,0.7707174941344115,0.7604133483064661,0.7707034760259408,0.8215661940760425,0.8083644641062251,large language models,synthetic benchmark,0.013201729969817388
Beyond Single-Shot: Multi-step Tool Retrieval via Query Planning,0.7957483924939243,0.7830295873327333,0.7884354790326275,0.7497923650829521,0.7808805344115877,0.8221873647404154,0.7286523412461865,0.7944851436927826,0.7780501773765321,0.7914778999281828,0.7804792748721133,0.7795000208825485,0.8047458995770391,0.7632979532204552,0.775807693929791,0.778488768484662,0.7885059817137745,0.7864497194332307,0.7854072248214553,0.7890533635846919,0.7670710222784768,0.7748284541026778,0.772861792647273,0.79981557798972,0.7905372457553959,0.7976894579441768,0.7703558455531655,0.7690995767700398,0.7580542511093227,0.7745120175659326,0.7584224769837538,0.748679304396685,0.7676619236555505,0.7931106276230907,0.7853958238420371,0.7844249832596585,0.7826729428533069,0.7519369810348933,0.7771719814493109,0.7610838705211517,0.7512414877802023,0.7759157492957035,0.7728193287335291,0.7587378702607626,0.7885005101731929,0.7855463666394862,0.771958186415427,0.7574524022661785,0.763149138078642,0.7750679899479513,0.7920249502197052,0.7706198788265723,0.7582779082065504,0.7560882744353948,0.7337686532927414,0.7687417353337291,0.7523865927336462,0.7583321485418401,0.7613025649506499,0.8221873647404154,0.7976894579441768,retrieval augmented generation,theoretical machine learning,0.024497906796238644
OS-Symphony: A Holistic Framework for Robust and Generalist Computer-Using Agent,0.7964983164394206,0.7977110406795338,0.8051905836648633,0.7807480177071064,0.8051490134534054,0.7831796989115912,0.7562318260910667,0.7751862242271969,0.8045775620284895,0.822954916079681,0.790748417497971,0.7912245562411665,0.7906786534609233,0.7897582941843639,0.7942800845320171,0.7953945050358494,0.8094195548441132,0.8053814245229837,0.7947013203220261,0.7873531316848643,0.8037840159870734,0.7864496674029718,0.7664961448905224,0.8015279616453016,0.8076754380419999,0.7859798165810867,0.7783310486104067,0.7939146575817086,0.778047092164889,0.7920289446925122,0.7695685277191928,0.7581763318850978,0.7905229619118803,0.786896201936806,0.8005715717929669,0.7973410768610484,0.7889936199499167,0.7613060778579456,0.8026233648542394,0.7868037705745901,0.7841843779215907,0.792866052287083,0.794791333972401,0.7777844197596271,0.7963480245806991,0.7794337945490571,0.7568075738388871,0.7730746402263388,0.7802970984081514,0.797631122963968,0.8174033823783974,0.7828214056162909,0.7653790247375836,0.7716042051295192,0.7558452289517659,0.7724208790124991,0.7720548677773672,0.7689518308921562,0.7902081971783126,0.822954916079681,0.8174033823783974,vision-language models,robotics,0.005551533701283584
DT-ICU: Towards Explainable Digital Twins for ICU Patient Monitoring via Multi-Modal and Multi-Task Iterative Inference,0.8112573242661825,0.7866009040085782,0.7808117150241547,0.7691541897678107,0.7694491486078677,0.770750539560583,0.7408564877958276,0.7686870053407916,0.7795490305422018,0.7838094605345639,0.8291426330441889,0.7864530245059808,0.7691353133207401,0.7592513313479707,0.7796421928254661,0.7838150267995839,0.7845352675015036,0.7808497175693949,0.8142372615211498,0.8259110450859316,0.7665103991487994,0.7634653214042336,0.7376186925456802,0.7851356939894252,0.7933839502918807,0.7935710945631123,0.7586746216627266,0.7756700030206785,0.7755800857794701,0.7733044486015359,0.761757734140285,0.7452411293841411,0.7883182017926312,0.800117303998954,0.7951567556162417,0.7872055815929367,0.7917777439982032,0.7525849832858458,0.7707030413395359,0.7703266929221528,0.7678913116096443,0.8032928529964618,0.8105266456354216,0.8113058825542735,0.7892666134378592,0.7662795325652392,0.7629163705620792,0.7750153990080213,0.7768451535294604,0.7684664347701002,0.7840238397428618,0.7715617762321823,0.7742920489819544,0.7805010789639648,0.7727020204144801,0.7530701407123563,0.7511853875467377,0.7544694014598599,0.7694321746554625,0.8291426330441889,0.8113058825542735,multimodal models,clinical decision support,0.0178367504899154
Improving Domain Generalization in Contrastive Learning using Adaptive Temperature Control,0.8107715198590397,0.7683925962060482,0.7923352002619071,0.7526294998206888,0.7627334976286494,0.77329024857403,0.7287818821916839,0.7715627554280055,0.7747510541031988,0.7707410005453241,0.7560527201784867,0.7810578909407033,0.7669693499144481,0.7538371199047187,0.7545081465918246,0.7691599254161826,0.7733868346228407,0.779932685027579,0.7832196414354906,0.7978029700213772,0.7753828660561857,0.7652428113164405,0.7178150042739693,0.814473151784008,0.7868111521814696,0.8101961224347088,0.8078181557232691,0.8171969243790335,0.7908974065163493,0.8030132998554184,0.7834270327651416,0.7470386704836778,0.7888108560656848,0.7848875465441302,0.7913781320173955,0.7903665129051777,0.7857056695386427,0.7539336605712396,0.7698813727244274,0.7780785442158511,0.7526862351227424,0.7671034910595286,0.7705657044758558,0.7734853077804802,0.7912821992206237,0.7572199984150971,0.7479791501061115,0.7683552475633759,0.7588244611334051,0.768803660650554,0.7702278758459168,0.776359333243907,0.7622210611488217,0.754559121535773,0.7467647311267415,0.7644009256301393,0.7534694979147658,0.749782946616923,0.7634261666889108,0.814473151784008,0.8171969243790335,reinforcement learning,generalization bounds,-0.002723772595025431
Evaluating the encoding competence of visual language models using uncommon actions,0.8001514414784885,0.8074090877868281,0.793351817656356,0.7716128622737934,0.7901338973677906,0.7678950933973923,0.747085675014378,0.8020474034394339,0.7917493768053403,0.8452009269257055,0.7842410748905575,0.8143090599066203,0.7902171131278971,0.7718262240635805,0.7826945146179474,0.7800342745072871,0.7944077751484596,0.7846803375832937,0.8042951313001652,0.8015269048391815,0.7963831753298947,0.7803922541695884,0.7413488462511495,0.7922955675458706,0.8039350084824811,0.7880661880398946,0.7870657689708473,0.7959357216225932,0.7714822698595531,0.7763768448994106,0.7615259074856208,0.7533242704591222,0.7847402248209194,0.7953105334067564,0.7984608112580438,0.7980272891793041,0.7977702625523196,0.772016455158832,0.7934561108707028,0.7797892916482234,0.7862925810247121,0.7805365008110802,0.8090956415815825,0.7689785766422836,0.7925647668181752,0.7709942146757707,0.7458240681386594,0.7610746268578792,0.7610279975746264,0.7785764367343349,0.7861616104671209,0.7728257407592026,0.755019241830069,0.774369133960269,0.7704642474424142,0.7684260324636661,0.7575941833543294,0.7417928086594283,0.7962113005086059,0.8452009269257055,0.8090956415815825,vision-language models,medical imaging AI,0.03610528534412294
Hiking in the Wild: A Scalable Perceptive Parkour Framework for Humanoids,0.8038434477879639,0.7809769617610812,0.79122671804368,0.7654683756564261,0.7728583699305933,0.7803032787300603,0.7467571354741592,0.7831984332040413,0.7840175245000623,0.7894613652246608,0.770497379404197,0.7755572027530463,0.773507302523925,0.7630192481896657,0.7786878759166189,0.7846904327518196,0.7921147818083857,0.787492380058893,0.7883988434443011,0.7832250078170137,0.7994299263169206,0.7674089901470632,0.747489520018424,0.8135914590736124,0.7889150712022379,0.785381805777252,0.7782061145450462,0.7789304570071593,0.7834767548597835,0.784275930969603,0.7667265843448599,0.7489815318087573,0.7775932886686096,0.7866234972098529,0.7997725265432217,0.7758989540069883,0.7959192753937322,0.7762144243548998,0.7809385730237228,0.7701248762242693,0.7575214077598099,0.7808114766286247,0.7814560587536019,0.7601744241634172,0.7983985957912916,0.7727153619125245,0.7318553741951452,0.7736814980493107,0.7758399541548632,0.7876654727117215,0.8139790441384002,0.7812389022478139,0.7868482561085411,0.7546918612796099,0.7594655670970789,0.7725268566994967,0.7558831988959054,0.7827817873485632,0.7878467961794058,0.8135914590736124,0.8139790441384002,reinforcement learning,robotics,-0.00038758506478775434
Deep Whole-body Parkour,0.8257861583364343,0.7743299032374905,0.7874462042304223,0.7713198633771979,0.7694051128831257,0.7706896165904307,0.7497775209426365,0.7791071391723433,0.7835109981281888,0.7889367257502309,0.7899264237087805,0.7807410279193031,0.7725080963639959,0.7685179178627297,0.7779919986228122,0.7803429933349707,0.7771520438195993,0.775760939668437,0.7827495385831242,0.7780280453346026,0.7829932192492275,0.7726136832230077,0.7568642104973129,0.8053923941764822,0.8006169424778131,0.7867438338907453,0.7860676556793796,0.7871043000383025,0.7743322654376729,0.7826946706984437,0.771758841654672,0.7562713569223911,0.7805546180043352,0.7737600712887015,0.8006023026210662,0.772687464259079,0.7892439806752157,0.7773222844123386,0.7828517129880326,0.7681443561789301,0.7624552263434097,0.7756563191163248,0.7788483639852791,0.7618048949706722,0.7920651453847376,0.770932797965962,0.7434611666480743,0.7793231938932209,0.7885547822280171,0.7831620658887734,0.8165147810531399,0.780917789345226,0.7902107480991561,0.7604567468438921,0.7470717712419561,0.783493087707489,0.7645580481374723,0.7687755710342197,0.7847855886845508,0.8257861583364343,0.8165147810531399,deep learning,robotics,0.009271377283294413
Predictive Analytics for Dementia: Machine Learning on Healthcare Data,0.8349902971788973,0.7988826843334988,0.8083770755262991,0.7872645073081396,0.7999014854007189,0.7854439486417579,0.7287643748960111,0.7988712876499864,0.791622924700797,0.79298944603988,0.7821618906265073,0.7907479450153789,0.7964915017575899,0.7931670787306577,0.7995462340946845,0.8087018437262304,0.8197036290407689,0.8082494103369464,0.8039939740844856,0.8158365132088016,0.7996655910405994,0.8057465130317256,0.7469801940215947,0.8120808986228643,0.8194435539375481,0.8296018778144283,0.8041364785280943,0.790215818020799,0.7785861575741393,0.7918723427792623,0.76720816602558,0.7567390617318159,0.7784503394847873,0.7876108848245887,0.8028206485190984,0.8158923247626216,0.8186557222246258,0.7640228399020319,0.8008978196437745,0.7612662811399972,0.7851403752684195,0.8648781824706606,0.8418472066961348,0.8055347960942235,0.8283687618520124,0.7948514401731033,0.7801684284730098,0.7790039473569365,0.7776022644401293,0.7881553497072761,0.8008389601090938,0.7864575068806685,0.7792884889280006,0.7963180737287576,0.7845611250645017,0.7592875114750361,0.7707074927203883,0.7540466769325671,0.7836476091539956,0.8349902971788973,0.8648781824706606,deep learning,healthcare AI,-0.02988788529176334
Adaptive Layer Selection for Layer-Wise Token Pruning in LLM Inference,0.8087778751797069,0.8196389147148967,0.7781977389193704,0.7535429447488523,0.7724648332008797,0.7789531957393657,0.737841485347504,0.8047589759975626,0.7746681578032684,0.7952497378429857,0.7630016753853905,0.7778823897958723,0.7824378632322649,0.7585054828046216,0.7716071644296479,0.7768277568461709,0.7982212370231626,0.7696088308530811,0.7843572103843927,0.8130481777449936,0.7853781658130142,0.7782122487126344,0.7249479531976016,0.7915236328562716,0.7819106438196182,0.8015421540935523,0.7781588831499845,0.7948864804183905,0.7764789472527853,0.7795653534953211,0.7771295076954599,0.7365170839706148,0.7791547198158916,0.7818013671617904,0.774792018995164,0.783353668312479,0.781731478528827,0.7414933871903282,0.7722205525533496,0.7532017359006205,0.7651535840380357,0.7731418919295697,0.7740969442268709,0.7689101092452725,0.7805158889509014,0.7751821224149275,0.7627100307963868,0.7647051709299291,0.7605223766571771,0.7664190285819112,0.7593015744661645,0.7584376052961208,0.7486674100296394,0.7645180078657681,0.7484411410355701,0.7617735285557006,0.7598761414504405,0.7269895396848647,0.7682868596429483,0.8196389147148967,0.8015421540935523,large language models,theoretical machine learning,0.018096760621344354
Variational Contrastive Learning for Skeleton-based Action Recognition,0.8135190832588434,0.7833934495763508,0.8046326709425538,0.7735036341562632,0.7754235355197469,0.7690450516895064,0.7408640989831289,0.7637715312927821,0.7839086770465946,0.8109313913880958,0.7976060667979065,0.7793632761047653,0.7879473245720513,0.7701801128210867,0.7668917381823115,0.7702341029415969,0.773317000210511,0.7808938050341817,0.7922129255339322,0.8054371729188525,0.7773664438733724,0.7696474900659366,0.7344561552131915,0.8189018115807352,0.7977589230485584,0.7989079460341603,0.7958895433192826,0.7868848265908736,0.7713373266066853,0.7771848108927643,0.7668405585928891,0.7494203773075595,0.7979078812705024,0.780553963338804,0.798019910506335,0.7825492606523325,0.7926630152884689,0.7517558074593438,0.780383263456536,0.7743786960850401,0.7669445842618131,0.7922477078992239,0.7955776011720694,0.7782571837036932,0.8047310816252605,0.7691860263128932,0.757248482927332,0.7747088422772127,0.7787957106002249,0.7894493799276906,0.7876860508475515,0.7816883639871461,0.7625695178201121,0.7708578861703832,0.7600547628257177,0.7653471259906243,0.7580787757392649,0.7582445513046066,0.7836570596326731,0.8189018115807352,0.8047310816252605,reinforcement learning,drug discovery AI,0.014170729955474637
Reasoning Models Will Blatantly Lie About Their Reasoning,0.8021341535739503,0.8242578099753658,0.7832710341742475,0.7697720368953442,0.7764083474445393,0.7485553193937657,0.7292371853327223,0.7839581060962432,0.7623210378772539,0.7984276726352787,0.7854385266403862,0.775796157959435,0.7632668911447759,0.7471721057502353,0.7694282862247767,0.7610278680948745,0.7814842333797954,0.7692637139693732,0.8116937671529092,0.8163834871210484,0.7843083233817396,0.7628432698607044,0.7577987137247285,0.800550035386971,0.7850160342685913,0.8011912312997572,0.7900032927879657,0.7809505168304267,0.7814140130197255,0.7794279722156192,0.7557408846477048,0.7417128745503543,0.7664540559601636,0.7772280647601515,0.7828502166365889,0.7832588276733243,0.7832803081917088,0.7690069398435996,0.7749179053395397,0.769352559495963,0.7505793025632651,0.7610414701060578,0.7713537400078208,0.7541693742412245,0.7752453722878415,0.762091005260328,0.7261212626015862,0.7707523239058874,0.7657795391506086,0.7607882017322612,0.785157905278334,0.7730583691594612,0.764794072914312,0.7813886276623113,0.7553360301122669,0.7267317011361878,0.7521147197585293,0.7333997288107587,0.7678074677924492,0.8242578099753658,0.8011912312997572,large language models,theoretical machine learning,0.023066578675608573
Towards Automating Blockchain Consensus Verification with IsabeLLM,0.7854609658661635,0.7943637806393316,0.7718626018961423,0.7572665362214311,0.7809250335075508,0.750742598282989,0.7386649896221488,0.7860546424520412,0.7662168924217712,0.7760719038237078,0.7642060132232104,0.7998284459976255,0.7829304433455475,0.7680581055175131,0.7852379429210339,0.7778691750894299,0.7942241229610447,0.787201952400916,0.7979912493067505,0.8007809272747612,0.7744921206555935,0.7707641197289298,0.7479378123133962,0.783098785434953,0.7777371969941562,0.7966747098095193,0.772931208939545,0.7647242530637262,0.8265863523347734,0.7687979127270264,0.758660802140472,0.7526210243708976,0.7896414319638028,0.7602323232180039,0.7957107374008093,0.7975281864464425,0.7936013172644516,0.7606099402536494,0.770779537770979,0.7578980056756646,0.7557593175297344,0.7711162039089603,0.7716376545252253,0.7732945554582121,0.7915131824164984,0.7917530317456052,0.7490784873452349,0.8134924748699459,0.8368648017144525,0.7738802797994467,0.7848265201862005,0.7600948612950106,0.7711135763321195,0.7801387487455604,0.7610051372075053,0.7690899130216532,0.7756834134562822,0.768092566608583,0.771865912896741,0.8007809272747612,0.8368648017144525,interpretable machine learning,blockchain,-0.0360838744396913
Active Evaluation of General Agents: Problem Definition and Comparison of Baseline Algorithms,0.7879268598221736,0.7718951767891068,0.7978757710149126,0.7659933554504523,0.8183621607476881,0.77664153109239,0.762152288439204,0.7769813168250064,0.771137033684151,0.7669876171979522,0.7486976578064801,0.7732112785330606,0.7785454581892888,0.79276978802389,0.7931556517916406,0.7892109140699415,0.8015325075899236,0.7911820768744414,0.8087029137567049,0.7771790575723652,0.8071303439330604,0.7948928022652109,0.7170579736873137,0.7941999534751696,0.7991603453544743,0.7904294279345007,0.7622597338348145,0.8002357564055471,0.7832739758488553,0.7928463953568923,0.7579687649592458,0.7513854528164166,0.8127221798247306,0.7985496546587385,0.8028953821648113,0.7900305703012509,0.794961473651088,0.7751164074797903,0.8082741277215783,0.7683102513724508,0.7877584872745126,0.777253706892006,0.778238918258492,0.761658643265022,0.7887795345080741,0.7846111109376791,0.7560567060776743,0.7595297016902802,0.768634119148362,0.7741655955041377,0.7923102069979112,0.7661421433859436,0.7696413841446234,0.76591095373475,0.7750620524672943,0.7591370438878696,0.7565890619351195,0.7493388362131184,0.7677217920182524,0.8183621607476881,0.8127221798247306,AI agents,synthetic benchmark,0.005639980922957477
Beyond Static Tools: Test-Time Tool Evolution for Scientific Reasoning,0.7864667241886667,0.7713474679386602,0.7996836747568931,0.7518803103639222,0.7812003637305146,0.7744656604701097,0.7259904286830112,0.7736505210955263,0.768737021117019,0.7703014940438923,0.7511623353831723,0.7756360549696325,0.7761183208780085,0.7665572262633404,0.7796931912852946,0.7808116742209844,0.7886883907560832,0.7805783252843416,0.7980647002388945,0.7856109058586447,0.7829146935243191,0.7758398489868561,0.7144704457986959,0.7874630744140554,0.80423569744605,0.8004478984542909,0.785711240621783,0.7751280520851396,0.7870585258494909,0.7878733035736002,0.7669681043557021,0.7594434120614855,0.7947307772992114,0.7895718616870968,0.8106709354958243,0.8068836655942813,0.8207540414328391,0.7740464795860518,0.7813790609736426,0.7505945984862812,0.7662950959540559,0.780824575602713,0.7865176469689976,0.7592099935212264,0.8064435800554043,0.7704806023238524,0.7483614838948952,0.7711128194367665,0.7662395716140722,0.7825985248455559,0.7885660546658119,0.7817411354848023,0.7645141294012929,0.7551842465416871,0.757539954143154,0.742346296464962,0.7527238773641982,0.7653084464221204,0.7733112724626944,0.80423569744605,0.8207540414328391,new AI features,AI for biology,-0.016518343986789197
SALT-KG: A Benchmark for Semantics-Aware Learning on Enterprise Tables,0.8010068027663836,0.7909728725821633,0.7882005944174564,0.7750576554816181,0.7701852253879771,0.7876191523881768,0.7580242521303294,0.7759813790050245,0.7629102822546727,0.7840811686613339,0.7658257145459404,0.7961738238029304,0.8164776757059733,0.7943403666487286,0.7707607232537685,0.7787630646736815,0.7909789144870362,0.7736504160311503,0.791309649270364,0.8004044598120894,0.7702336623289994,0.7617755257637067,0.7277339301275916,0.7958643400801918,0.7885387917637683,0.7933447923583691,0.7777049738974996,0.7988309082509033,0.7816221198265876,0.7794928541638182,0.7522683825315031,0.7426651209987966,0.8028153417979377,0.7890890102237171,0.7807412147380658,0.7916774050119209,0.7852834380586386,0.7709003224755067,0.7837070237449691,0.7692935811847834,0.7595594207517595,0.7795697339370502,0.767413036816501,0.7684270171964269,0.7895390651677743,0.775563273558405,0.7611034495147905,0.7652612675299985,0.7876496796519215,0.7526920123251198,0.7693990460773681,0.7595117984480119,0.7348871113083785,0.766259337674333,0.7530998271272059,0.7677248613123736,0.767756860242423,0.7595004003824731,0.7596392821402523,0.8164776757059733,0.8028153417979377,semantic search,synthetic benchmark,0.013662333908035618
Learning About Learning: A Physics Path from Spin Glasses to Artificial Intelligence,0.8183220413211387,0.7910422048796167,0.8062365356951386,0.797422520190418,0.7967486417105569,0.7708873564603438,0.7349366089592002,0.7699729454882372,0.7760551187494674,0.8017845449989358,0.7870560148111391,0.7835873706897374,0.760741533230955,0.7840222294592073,0.7926387953972593,0.7947671688387208,0.8062916034927797,0.794260728972091,0.81201091923419,0.797551367797459,0.8048868033736964,0.8036857845513975,0.744268489785868,0.8280103147894805,0.8035119848989503,0.813165113838672,0.824517413000273,0.7795863454480226,0.7752988447276664,0.8035100701532383,0.760073702171337,0.7586406725641917,0.768948713813851,0.7752609821693335,0.8522863093097912,0.82325899934755,0.8160429146227743,0.7706669030150843,0.8067285669456186,0.773700829860066,0.7909537710529685,0.7919518007924485,0.7947284320824438,0.7465751205799209,0.8087927911161327,0.7886531380589384,0.7505749312065374,0.7682766786087899,0.7754387568943057,0.7776489791515674,0.7955412659835661,0.777804876002883,0.7663080005221532,0.7896633581915395,0.7528595593495053,0.7647780724139968,0.7648502379484596,0.7561021986218708,0.7806805667131405,0.8280103147894805,0.8522863093097912,reinforcement learning,AI for physics,-0.024275994520310706
GeoMotionGPT: Geometry-Aligned Motion Understanding with Large Language Models,0.8231226228237524,0.8382225429126401,0.7987923887325636,0.7765310744382302,0.7640139949230743,0.7827488732120464,0.737417853422298,0.8102258441406688,0.779344209055294,0.8240174156688092,0.7942198236870383,0.8063201537850541,0.7821021213343539,0.7666683187596613,0.7709835636018727,0.782554710661004,0.7901956623910277,0.7697000979966478,0.8068535026273392,0.8205087489760386,0.7949525509067268,0.7677355784541278,0.7619414400607837,0.7990751560881979,0.7910461878673191,0.8145855242320299,0.7923846461582729,0.8085590888901166,0.7867666751097274,0.7920533472163548,0.7719528643711464,0.7603837875984238,0.7724948604765107,0.7864752087758661,0.8055545425770804,0.7843899363216207,0.7888674339489887,0.7657938733486978,0.787150452788374,0.7815611327340597,0.7686117168869564,0.7765164423262392,0.7909069056033567,0.7618522449001611,0.7772122859469326,0.77346609524126,0.7417814439976678,0.7608564613903719,0.7729028451888514,0.7802725974904658,0.7990079507271769,0.7753547326801787,0.7607891262609019,0.7764889997247686,0.7373028552935179,0.7652990192353377,0.7606194123655683,0.7455070327102824,0.8023101202282655,0.8382225429126401,0.8145855242320299,large language models,theoretical machine learning,0.02363701868061019
Neural Architecture for Fast and Reliable Coagulation Assessment in Clinical Settings: Leveraging Thromboelastography,0.8249891368398362,0.786635619169773,0.8129460929773672,0.776074594406348,0.8068505622015283,0.806445973167607,0.7705635533549251,0.7961026579349696,0.796873431016371,0.7873114589532108,0.7706160298344752,0.786447180669341,0.7862303342063968,0.7993233720018236,0.8016303337323697,0.8177583442573723,0.816448846442445,0.814215183504859,0.8101448846582933,0.794303664587038,0.8083636351812322,0.8000061078333316,0.7458812409803645,0.7932635638990554,0.8274208370333652,0.8179263581384231,0.7808740511075206,0.7829306079828129,0.7884172857691568,0.7908369335971159,0.7764597346302039,0.7930729327233391,0.7892420363487997,0.8042562053875097,0.8256180680938079,0.8162784981344201,0.8272682106075196,0.7684920747378827,0.8070376198984637,0.7835000636150476,0.7940048956986152,0.831659383743738,0.8428735623995866,0.8025565328055161,0.8320325146982024,0.7836279012684515,0.7618738851064771,0.7818581350928615,0.7901243435244469,0.7792358471883356,0.7838103491437023,0.7812642230860333,0.7689254346731876,0.7819868859674896,0.790993412890353,0.7714445371059934,0.7661000270789087,0.7841336974166301,0.7806398358560273,0.8274208370333652,0.8428735623995866,new AI features,medical imaging AI,-0.015452725366221332
DIAGPaper: Diagnosing Valid and Specific Weaknesses in Scientific Papers via Multi-Agent Reasoning,0.7962983728382148,0.7715226820011781,0.7801049555881322,0.7591179255453605,0.8038147053440569,0.7760367916457132,0.7781157070421189,0.7799463466372274,0.7668332598003407,0.7765809748756403,0.7663048193534109,0.8091281011976323,0.7751635829881791,0.7715121745339885,0.7795491246137579,0.7815151021804644,0.7810646063379315,0.7939280890751577,0.801578417143334,0.7863059065794852,0.7898082243337613,0.7708104078752752,0.7416931207694906,0.7870452756138012,0.7902957593596378,0.7932894775176174,0.7722323092384342,0.7788771558892965,0.7771802826101799,0.7783174971603601,0.7655178863162575,0.7686294876897746,0.7844024271968283,0.7725833384386819,0.7948582856686415,0.7934037359175525,0.7970603753959811,0.7640204160749003,0.7878713618934153,0.7607289304628875,0.7654725892108027,0.7896815878863713,0.7906524633069453,0.7787629965425987,0.8039274970122885,0.769880629114277,0.7526284745226315,0.7598122690956974,0.7734880504353909,0.7728681650700087,0.7813521894947998,0.7642530558230145,0.7512893594112593,0.7720026037411715,0.796963184966544,0.7638306854097685,0.768529809704107,0.746381199485946,0.7574407585109506,0.8091281011976323,0.8039274970122885,document understanding,drug discovery AI,0.005200604185343849
Proof of Time: A Benchmark for Evaluating Scientific Idea Judgments,0.7847906351901541,0.7941375101520157,0.7797059202414323,0.7675451677249432,0.7853780279050377,0.7661758402656423,0.7339903845223699,0.7782927724038302,0.7741137908736687,0.7723658643723503,0.7578394515916078,0.7869044111762035,0.7891726401100576,0.763491022417409,0.7870820584488443,0.7911545146893284,0.792166223719199,0.7755471687186041,0.8081644767677963,0.7846665221717806,0.7909451311655677,0.7859212962276796,0.7390088903414312,0.785491089392691,0.8016139342225094,0.7852022185495796,0.7735144538198859,0.7919115394281955,0.8137864609607591,0.7870819085687211,0.7543398300638566,0.7567718426897878,0.8072041208236299,0.7876339563508202,0.8078121944280573,0.798508520604151,0.8072409013782746,0.7800386025344476,0.7837320555530569,0.7625508449845483,0.7656455019832167,0.7764475396420094,0.7904576463073225,0.7720637385125882,0.7956988734570803,0.7747280825717515,0.7608316297551136,0.7897079464334648,0.7889467171359137,0.7754392021652854,0.7985779904768799,0.7694800384033202,0.769805944302592,0.7658367857126971,0.7799832583170281,0.7524345324395277,0.7638745041893432,0.7781871014428119,0.7781394923396865,0.8081644767677963,0.8137864609607591,explainable AI,convergence proofs,-0.005621984192962781
Pheromone-Focused Ant Colony Optimization algorithm for path planning,0.7771933764215395,0.7515838910756579,0.7779783248426133,0.7613034453952487,0.7867367963931963,0.7651022098187894,0.7246640526523259,0.7643145175948167,0.7574827562042288,0.7525707168565774,0.7460578013167908,0.7668994375312695,0.7745804446439956,0.7618374042499503,0.7826884796030198,0.7722206847409929,0.7914560730589613,0.7714830798818373,0.7892792094046265,0.7541970526255314,0.7876891284509353,0.7921131637967288,0.7348138695124226,0.8029310916175527,0.7926866982940893,0.7653441949037321,0.7599353883476578,0.7680989749364413,0.8025329895811015,0.8096176924669399,0.7632981373857627,0.7399063527550589,0.7681502413879683,0.7674721817468666,0.7965664952492594,0.8038679745293431,0.8024934096279028,0.7481688621581157,0.770639510631565,0.7592399017585083,0.7652338592358697,0.7803709960737788,0.765913533879514,0.7611399616228943,0.7991439325023251,0.7972737319195992,0.7575162310782586,0.7718725825983064,0.7731368719081528,0.7798423058766194,0.7845342831777135,0.7677140947675238,0.7698518231955932,0.7624795657583785,0.7521513758998757,0.7527781249347669,0.7538925581385783,0.7606121561848526,0.7700339603515578,0.8029310916175527,0.8096176924669399,reinforcement learning,optimization theory,-0.006686600849387214
ES-Mem: Event Segmentation-Based Memory for Long-Term Dialogue Agents,0.7955614019817069,0.8031930608993861,0.7926046942306401,0.756339851971123,0.7857403364141039,0.7843316720083261,0.7503403842530605,0.7853595298244406,0.7596070323149474,0.7998926124710605,0.7731688650181359,0.787172971793526,0.7949509186136321,0.7952333427893029,0.7793343968453418,0.7851968934907083,0.7865125251438895,0.7801711134605214,0.7864685677213761,0.7821349902570467,0.7808908348224828,0.7836965540566866,0.7259735211191515,0.7858322091366879,0.7944828963847492,0.7798465687077828,0.7730137759692536,0.7835134705665613,0.7687070333014174,0.767775112231424,0.751505069749028,0.7395496050061343,0.7792398451439093,0.7778503656332497,0.7807138172517282,0.787130081100445,0.7790457837462201,0.7605354556372521,0.7826138503031735,0.7585616790312237,0.778415692666064,0.777839331110715,0.7799336778186153,0.7541267112524973,0.780175053755239,0.7581813888211825,0.7220451643351848,0.748023893794681,0.7672898235711446,0.7601376428876522,0.7766420164003093,0.7653831077468944,0.7611591226528669,0.7479370946722441,0.7496465395193781,0.7550577130821777,0.7767595605586415,0.7425769111922808,0.7704153617654297,0.8031930608993861,0.787130081100445,large language models,AI for chemistry,0.016062979798941113
Large Language Models for Physics Instrument Design,0.8088662231055179,0.865429021709892,0.7844784910067855,0.7803267768233928,0.7857145956101355,0.7710046096965077,0.7496847449577243,0.7918436473516555,0.7596844844836625,0.8159182997621344,0.7954755268463987,0.775853525770796,0.7752225726809518,0.7530735893210841,0.7757055478644821,0.7800605268373705,0.7803250323592087,0.7660573812675647,0.7840955199261159,0.8097344104511182,0.7764154857602312,0.773716958794932,0.7581849774605327,0.8312352194344704,0.7900033315667241,0.8056242813895221,0.7872223767640182,0.7915274367663268,0.7684167718985004,0.7878800477742722,0.7672195486354916,0.7426093518005764,0.7703008154239791,0.7823429544863184,0.8208828929657639,0.8008831102890368,0.7928037310912683,0.7596150169658897,0.7742400800477747,0.7685924080749896,0.7588741566185905,0.7633356059063562,0.7815204713710515,0.7623101972969009,0.7923928261540252,0.7632478770200926,0.7405248190132547,0.7588126465915586,0.7594356094666912,0.7671945020069648,0.796299467012488,0.775713123782263,0.7696932940723381,0.7806683066003285,0.7537997064864576,0.7602929902046743,0.7545128398026265,0.7453017766763667,0.7671816141577326,0.865429021709892,0.8208828929657639,large language models,AI for physics,0.04454612874412811
Beyond Entangled Planning: Task-Decoupled Planning for Long-Horizon Agents,0.8120318959432766,0.8013367337666838,0.7849935993266729,0.7558858732729087,0.7896790059424557,0.7763762773958996,0.7464405450974092,0.7899397456768216,0.7602044262640751,0.7913595047269776,0.7672669124052094,0.7791621383924382,0.7730262441812374,0.7738578061249582,0.7819549041958667,0.7798757622918092,0.7922014633453535,0.777181763469632,0.8015175597312131,0.7973942346974537,0.7731507180046413,0.7775564097324239,0.7592682517970881,0.806850543641175,0.7908632735788828,0.7932091805568033,0.7696911329305087,0.772922211074477,0.7748808639918245,0.7810215097518223,0.7652373098360715,0.7544610619333604,0.7641581954615717,0.7718325832683283,0.7841344558974951,0.775539635592285,0.7737388302831408,0.7482120342205941,0.7736783387534948,0.7589996575027405,0.7516198757639748,0.7746509673436035,0.7628551449748253,0.7674558778344682,0.782471309382333,0.7705083008978795,0.7431504799818043,0.7533742315785035,0.7711668634114134,0.7821153577540996,0.7880398939234409,0.7841636222104029,0.7760399561343431,0.7696988713555071,0.7389772404825332,0.7509168744235508,0.7627501469240006,0.751106696677201,0.7655953590154305,0.8120318959432766,0.7932091805568033,deep learning,theoretical machine learning,0.018822715386473288
A Model of Artificial Jagged Intelligence,0.8078822466748794,0.7992156216782924,0.8370404965160664,0.7757250604475531,0.8107633077286953,0.7996547244097574,0.7545761437336636,0.7797425204600346,0.783167096030985,0.7977575599148881,0.77838042081055,0.7784167823486774,0.7576369952030334,0.8012012430222641,0.8004193030036888,0.8104000882344563,0.8178448359197457,0.8085953337696485,0.8316441539166545,0.8127641999565373,0.8231281852711496,0.812103759126324,0.7130945376708754,0.8129888420772566,0.8154262050432146,0.8005661518479893,0.7900409866778004,0.7960432405859356,0.7780955434269742,0.7915840535352672,0.7572028843537462,0.7506204438373226,0.7859455417597107,0.7846449958070608,0.8162379298768476,0.8138886426627088,0.8135568648173703,0.7780470476211456,0.8275599951295473,0.772620518877081,0.8090061397890755,0.8085831861918248,0.8181046401507971,0.7524799245748277,0.8124268313051324,0.7954240145133958,0.7576481110478984,0.7751462818122433,0.7753962182682459,0.7815728902834223,0.7949398449231169,0.7786401346138976,0.7644135981708853,0.7911617891476923,0.768634611721604,0.7795342676119935,0.7680583403142669,0.7568935192443343,0.7852938937253865,0.8370404965160664,0.8275599951295473,generative AI,gaming AI,0.009480501386519125
d3LLM: Ultra-Fast Diffusion LLM using Pseudo-Trajectory Distillation,0.8157164519338487,0.8314455587588261,0.7866831013038578,0.7628632970182408,0.7714172173411393,0.7925109686629098,0.7361785889639277,0.7951296171240394,0.7504889500594576,0.8019184651639539,0.7759008725309238,0.7836035027309157,0.7562961597300514,0.7683150618325323,0.7783752578268304,0.7727444239666336,0.8039052018126123,0.7786763535400647,0.7904105490493682,0.800164046382988,0.7846253932139798,0.7682125089974463,0.7529635258915844,0.7967117832393671,0.7967941200506776,0.8056288262602143,0.7817581444232663,0.7761904968446365,0.7876946777866142,0.7849225740755852,0.785745849782637,0.7471382820769649,0.7782182011619254,0.7666037282898027,0.8005283143927181,0.8022812046427938,0.7998160840965105,0.7530367547694243,0.7796161772604804,0.764641989498636,0.7697776019493249,0.7740274443192043,0.7874598263688014,0.7537976463585347,0.8064982848497738,0.7807115892730184,0.7498238063916866,0.7635429257018589,0.767582661278442,0.7675743456886477,0.7703556547195799,0.7669916601941963,0.757718721351972,0.7749766604912216,0.7445690568215534,0.756670637161668,0.7624877915443871,0.7634399953320714,0.7851029548593804,0.8314455587588261,0.8064982848497738,large language models,drug discovery AI,0.02494727390905227
A Unified Framework for Emotion Recognition and Sentiment Analysis via Expert-Guided Multimodal Fusion with Large Language Models,0.807812744064877,0.8277919154774268,0.7971572915862675,0.7977645080295606,0.7745886515156412,0.7805967866501919,0.7372625198321013,0.7927498801394164,0.7902412654495564,0.8212588938313102,0.8513335661004732,0.7976367049025088,0.7781194654019328,0.7933304683389527,0.7722729684317549,0.7716034015437115,0.781566910718285,0.7712673231942853,0.7923570871561335,0.8024328699944144,0.7834859147938792,0.7661758148046606,0.7480261589225858,0.7891199196978508,0.8006880192819079,0.7870477290127486,0.77282073839467,0.7927211201067493,0.7659673137419016,0.7610418068041617,0.7637217107442547,0.7369540632999604,0.7721473385388463,0.76684329636645,0.7889244925027764,0.7925969067619851,0.7799855919671125,0.7597515969829489,0.7849569192213527,0.7820636568931885,0.7903840782520802,0.7820715512575341,0.8004598597688297,0.7752915735719974,0.7891726099482897,0.760502920665289,0.7597646253092563,0.7601793590474117,0.7600040393534715,0.7663022006097995,0.782237948919545,0.7640386735200881,0.7585445543688794,0.7928426289095953,0.7620715984407839,0.7652189620232576,0.7792498642854869,0.7591443917519541,0.7899416545667727,0.8513335661004732,0.8004598597688297,multimodal models,medical imaging AI,0.05087370633164345
Backpropagation-Free Test-Time Adaptation for Lightweight EEG-Based Brain-Computer Interfaces,0.7997633283174127,0.7823812426742724,0.7898896057450966,0.7675699622042835,0.7845795190617176,0.7691408728475494,0.7483857668697186,0.7931112234600395,0.7834479184333553,0.7857053500842515,0.7674001194120924,0.770885351241679,0.765566689014802,0.7780361604721963,0.781349377293465,0.7898245888861595,0.8012587482445426,0.7863189329992355,0.796567214782522,0.7936675291997197,0.7882052079151137,0.7737710711316278,0.7345298073583928,0.8052313574706089,0.7980172493520288,0.7945053367997019,0.7956283322914011,0.7901807259569759,0.79579569103871,0.7921660291008825,0.7655116284735191,0.754620108373638,0.7856305234077009,0.7915251935023833,0.7980920832255161,0.781322801335999,0.804570115418128,0.7601774381260095,0.7853205830216856,0.7664235397275316,0.773723618543411,0.7902436201707171,0.7997777919776657,0.7763701427303897,0.7883543091252243,0.7714004844976291,0.750773609242306,0.7713359915616727,0.7710107301897274,0.7767284149882592,0.7870555583665623,0.7872196559053042,0.7682342763987582,0.7581260178072106,0.7623936221765661,0.7543614712927607,0.76104336640636,0.7603783537828885,0.7742651998717953,0.8052313574706089,0.804570115418128,reinforcement learning,AI for biology,0.0006612420524809703
VirtualEnv: A Platform for Embodied AI Research,0.8076055188368307,0.8197117495186809,0.8166770286840476,0.7679774594634886,0.8067896553935344,0.789909484611843,0.7392691324572542,0.796901423575164,0.787814186453313,0.8163230423792783,0.779854568683771,0.7659642559652126,0.7787039392530257,0.8054224899300727,0.8133466666468918,0.8104174013411918,0.8103594448264373,0.7949363695346549,0.7985072674210708,0.7970052513669057,0.7934816202496304,0.7842404282741199,0.7488021164337422,0.7945560087294946,0.8087614332983026,0.7926720022509137,0.7705739959345593,0.7703412934093676,0.7715827008780397,0.7725278241306469,0.7454584017188268,0.7537608447475674,0.8121958570252055,0.7860957383672263,0.8049912646946621,0.8020929948909565,0.8038497842705241,0.7835203380087196,0.8158648030076896,0.789314524744635,0.7914677723487508,0.7888983639750184,0.7987754526176045,0.7478807617659249,0.8079064872279879,0.7676896914759215,0.7358464912059974,0.7708727013152212,0.787210340412405,0.8078413070869532,0.799338162165165,0.7785099944541753,0.7732698214638166,0.7726920657169575,0.7489219370297276,0.7559435149297753,0.7693978785935576,0.7596541541771391,0.7849295176970315,0.8197117495186809,0.8158648030076896,large language models,gaming AI,0.003846946510991267
From RAG to Agentic RAG for Faithful Islamic Question Answering,0.7830124357600142,0.7994908766983494,0.802845571757036,0.7747103448738661,0.7927388029338955,0.8067456413086755,0.8109663724001246,0.786977269997581,0.765010214842563,0.7918290901674315,0.7810211694488498,0.7780006275722616,0.7970783992865639,0.7571041810721968,0.7881508554697951,0.7879925651266536,0.7836966855658939,0.7805949835510823,0.7954731485801643,0.7987569029826632,0.7852444025445668,0.7699524963830404,0.7372227869336305,0.7900584168315047,0.7883413301062538,0.7734829558038387,0.7629253827797423,0.7964479687671815,0.7733816070674864,0.7590653504531983,0.756613318818276,0.7608833800445386,0.7920819065543593,0.774007417974283,0.7969611450413974,0.7957743118968531,0.7900097312998462,0.7780567000000469,0.7936608647500714,0.769328560818729,0.7724022456982937,0.782717743448059,0.7816507979614317,0.7581665748959168,0.7868667987353182,0.7897473437276102,0.765535638653792,0.7736603319491031,0.7854626621408408,0.7754973677691881,0.7927504621150941,0.7726644817736061,0.7600931129413536,0.7780072142531466,0.7653677336073152,0.767250090168043,0.7557432594725868,0.7548718002565838,0.7725787843132,0.8109663724001246,0.7969611450413974,RAG systems,AI for physics,0.014005227358727224
Thinking Before Constraining: A Unified Decoding Framework for Large Language Models,0.8028476437378925,0.8463188858486891,0.8123832787099023,0.7873840580051027,0.7749019077678213,0.7985973652952069,0.7616636001135353,0.8240443304624272,0.7785090622455711,0.8125968387012703,0.7891039723659893,0.7837856210280335,0.7860325263382828,0.7662446831039794,0.7753857890526498,0.7892074380951413,0.798110118723051,0.779587995755118,0.7948689383638421,0.80490918755406,0.7844801441792246,0.7696622977966483,0.7379644175956522,0.7870428933073171,0.7883738507878647,0.8070191768429963,0.7782402116029266,0.8061257659404537,0.796847623107504,0.790910562428212,0.7653975147693229,0.7560085117859041,0.787439870865159,0.7776321191929841,0.793942656683004,0.8012635648379126,0.8090831779866634,0.7739076394718716,0.7869840451780328,0.7808498347954166,0.7642601713488335,0.7737454250342959,0.782112658958239,0.7612176949019305,0.7871761256797183,0.7798262453161993,0.7436798978806203,0.7791566696727483,0.7865034399517217,0.7673245655291825,0.7836804369793866,0.7757258451160273,0.7651601858158907,0.7810371386765201,0.7427141000191333,0.7541539606679343,0.7708973502944176,0.761603911506196,0.7845947408886726,0.8463188858486891,0.8090831779866634,large language models,AI for biology,0.03723570786202568
Mon3tr: Monocular 3D Telepresence with Pre-built Gaussian Avatars as Amortization,0.7888938938000534,0.7737737526558108,0.8023950719327819,0.7585777716141389,0.7801776388531674,0.7929360765060576,0.7589924318253519,0.7621091175781112,0.7906656218255882,0.7982958868761921,0.7827861758417411,0.7612532823199952,0.7578513148731629,0.7769911597967271,0.7805819985096968,0.7847563950322064,0.7860109381584209,0.7744212573805314,0.7933860886540725,0.7862564526646383,0.7864905277552345,0.762944486159063,0.7539476401486165,0.7782073319222145,0.7972754410555262,0.8039830217092827,0.776603735435496,0.7865056816627737,0.7861656127965423,0.7830037082673482,0.7628944567517848,0.7814893064759776,0.7927189152777581,0.793162398888114,0.7937288939568035,0.7755315010479618,0.7820545174395311,0.773081935738604,0.7889185094967225,0.8054012068932141,0.783390239783428,0.7804043513790132,0.7954145584502801,0.7647518500304553,0.7816848834572427,0.7868424925432864,0.740874030215273,0.7800129642588711,0.7954552799823639,0.7795277407124687,0.80426600983142,0.7794494725244245,0.7865728194293391,0.7662011883593923,0.7525015986740978,0.770030887061437,0.7767552469216353,0.7647053891643358,0.7899122369723403,0.8023950719327819,0.8054012068932141,generative AI,graphics rendering,-0.0030061349604322274
Controlling Multimodal Conversational Agents with Coverage-Enhanced Latent Actions,0.8127681098063528,0.8255534146095405,0.7988556234501579,0.7815724309095256,0.8125965554702063,0.7931753749911656,0.7575271419994366,0.7944051969879954,0.7954317247404147,0.8439479674708927,0.833437432077437,0.8014909259380549,0.7849904572071693,0.7839741753079668,0.7887307570096382,0.7929649160310283,0.7886711728583583,0.7998348804401367,0.8144356600215598,0.8188670022689462,0.7850342848392519,0.8029927921443385,0.7624185385335377,0.8478085493009736,0.8096826552886596,0.8061460700558799,0.8018384425823766,0.7911995610348568,0.7836824217137168,0.7919222261019377,0.7571015496545189,0.7613276989422935,0.771373863255986,0.7944528228292006,0.7972088435809834,0.7916787480496557,0.7907714776029731,0.7710682985635579,0.8020122336401025,0.7842843282438735,0.79029177818061,0.7910233707710713,0.8012847172913768,0.7790595151085602,0.7969868069161792,0.7819950301558712,0.7496223712321439,0.7672993680882728,0.7787409708920398,0.7865880769759854,0.8069038926096569,0.7918991272490031,0.7767176300198239,0.7710922682323602,0.7553300907266229,0.7933808803310938,0.7645621386813745,0.7607340138165305,0.7924090557057005,0.8478085493009736,0.8069038926096569,reinforcement learning,robotics,0.04090465669131671
Data-Driven Stochastic VRP: Integration of Forecast Duration into Optimization for Utility Workforce Management,0.7974639424111987,0.7691031187507915,0.791782996205037,0.7648695951327544,0.7764584847759942,0.7748329863076832,0.7433856895072629,0.767032338850372,0.7831960269998732,0.7886236574500896,0.7743485785647856,0.7816976257196705,0.7613022218426303,0.7789714908035154,0.7832248797382112,0.7880400471305241,0.7881776257047611,0.781310239116261,0.7871609800170183,0.8060766997828102,0.7711215263406844,0.7746026277723544,0.7536379046829519,0.8041315964815822,0.7868213235323215,0.802601055474974,0.7726330072267853,0.7920153371968195,0.7767375985970177,0.8119444145926958,0.7589222237640663,0.740824805510988,0.7754641609244064,0.783056141564192,0.7859061971680747,0.781907556016266,0.7843874445558372,0.7562066289417559,0.7733133565285697,0.7818659046607752,0.7539961664517855,0.7914543172910349,0.7758445437670171,0.7664853331844489,0.7930894642406283,0.7771380799583139,0.7718067226102115,0.7639868490554369,0.7667489780110274,0.796743640981393,0.7876251511933277,0.7950366382970233,0.7680762930484513,0.7790646668625358,0.7747466963218157,0.7501186739764828,0.758682003840567,0.7660656237936676,0.7704926641486469,0.8060766997828102,0.8119444145926958,interpretable machine learning,optimization theory,-0.005867714809885682
Graph Inference Towards ICD Coding,0.789662449471923,0.7796398199191213,0.7866510460717271,0.7698687067946577,0.7628407911470758,0.7691271697341102,0.7472972715801328,0.7567460518587794,0.7753802775293809,0.7681208744261124,0.7649197819013432,0.7690635606939878,0.7670593270745686,0.7553953816437773,0.7581442800126055,0.7786251222822663,0.7648875481528232,0.7698159789101224,0.7877891786557641,0.7986573916845271,0.7697029559327929,0.754593129897487,0.7259790671227686,0.798262075269263,0.776221076842861,0.7735959019357167,0.7631958956774869,0.7851507744694296,0.7783610776167916,0.761279932084311,0.7489960288319784,0.7213591967893848,0.7773063904201114,0.7732984928082383,0.786564444016602,0.788520385284653,0.7985540963665432,0.7542365228822736,0.7678930864034289,0.7749342693282042,0.7439604806325815,0.8016783448314475,0.7957447937160476,0.7756679336404807,0.8093247517801562,0.7774042612917351,0.7356757077848588,0.758642626098774,0.7811689167072157,0.761049129668578,0.7866015325462417,0.767310693412792,0.7430404933682766,0.7609084301658875,0.7316872039175591,0.7587801126792927,0.7566732704540632,0.74260510724416,0.7646842466472683,0.7986573916845271,0.8093247517801562,interpretable machine learning,drug discovery AI,-0.010667360095629075
JudgeFlow: Agentic Workflow Optimization via Block Judge,0.7868459764210942,0.7828672136418097,0.7925563963767428,0.7640688337912948,0.7970217710525805,0.7676749111624189,0.7509391368682756,0.7781217142915307,0.7633450119091558,0.7702492420538727,0.7635245506456858,0.780618554327521,0.7747864336480256,0.7790902902893182,0.7918986797503274,0.7888565576707913,0.8060014038545059,0.7778319746393729,0.8100843723976529,0.8020066942483076,0.8029370334121944,0.784599417738765,0.7270029556616506,0.7954502974677728,0.8042599682206791,0.7842306796620077,0.7548434460164735,0.7865744902139384,0.7847671050151958,0.7964699151928372,0.7656224504284553,0.7435942235858095,0.7994340159765623,0.7779474527012323,0.8045124486280075,0.8017604060947886,0.7999937131782326,0.761328381004584,0.792785663687915,0.7701662627289902,0.7755688862144573,0.7868964936327529,0.7864299521515762,0.7699177806629105,0.8056332205636789,0.7857736254561873,0.75924323125597,0.7645898956814221,0.7801413419060682,0.7798456803875591,0.7854001184003864,0.7616138468746186,0.7558517306030448,0.770863794201028,0.7601260578662118,0.749165825040459,0.76511151230634,0.7715984076122541,0.7769112450957527,0.8100843723976529,0.8056332205636789,explainable AI,drug discovery AI,0.004451151833973932
ARCQuant: Boosting NVFP4 Quantization with Augmented Residual Channels for LLMs,0.7960490090548177,0.8101829940767994,0.7838367791175175,0.7827542226626869,0.7699650365383801,0.7980292633242492,0.7467888680930039,0.7958412778857599,0.7692805057904409,0.789965667159282,0.7831801127807513,0.7636312749166485,0.7663571167729438,0.761447732055085,0.7788366217820996,0.7733298044112215,0.7887922251868693,0.7682430662325207,0.7862044548030223,0.7951536899642191,0.7800917620608655,0.76092173149946,0.7354528095962507,0.7965533530639824,0.7994212064224244,0.7912755081379468,0.760721066929928,0.786645469066157,0.7722816303224546,0.7656915915749732,0.7757916122570568,0.7509013861317831,0.7981883860896,0.7587643252658824,0.7892800137657151,0.7828197451550282,0.7761276485719099,0.7487467357073783,0.7811119776065948,0.7820609686223363,0.7632767505823872,0.7752363119008934,0.7843486383314701,0.7540735127494621,0.782838516006872,0.7909981807734496,0.7687035316764709,0.7658632376817369,0.7745138291343991,0.7681959170675147,0.768878740532309,0.7615936619684226,0.7366569000614702,0.7795763710737993,0.7388703722176669,0.7549629479376163,0.743520710763927,0.7654720211065964,0.7798585365112461,0.8101829940767994,0.7981883860896,large language models,synthetic benchmark,0.011994607987199424
Task Prototype-Based Knowledge Retrieval for Multi-Task Learning from Partially Annotated Data,0.8008835070831422,0.7767299567581402,0.7942725531505463,0.7643469355501972,0.7695059856373251,0.8118033014366628,0.7349539139970029,0.7795591640126325,0.7657518122090605,0.7827299948427284,0.8020098006643868,0.7860966132931214,0.7849821801084242,0.7617679257048535,0.7777793472980713,0.7756455925687711,0.781617162098819,0.7658305857305123,0.786911738185657,0.8104765319817927,0.7635987326680012,0.7627989600150886,0.7622926038961841,0.8112399005013005,0.7928664556442422,0.8156577457439871,0.8010633159294631,0.7910712713970978,0.7782848944090769,0.7853814861846967,0.7834790161190988,0.753905551383834,0.780506046776509,0.7948540792046264,0.7829418260495753,0.782030242561382,0.7818692320246496,0.7510848816013723,0.7672512248253884,0.7683673141538077,0.7528308478024621,0.7692163696075587,0.7695954273093619,0.7580138444118028,0.7908884869554249,0.7684718625114986,0.757691406827042,0.7668004320116049,0.7784831785717443,0.7929573158797771,0.8030524797727078,0.7897041981405324,0.769717851639022,0.751610166864648,0.7567450074705669,0.7681141546536772,0.7580089677288536,0.7661580451869634,0.7633999795577214,0.8118033014366628,0.8156577457439871,retrieval augmented generation,theoretical machine learning,-0.0038544443073242896
Learning How to Remember: A Meta-Cognitive Management Method for Structured and Transferable Agent Memory,0.8148203529195902,0.808051769089492,0.7971109416684437,0.7697316546086623,0.78805880588446,0.7798632340109356,0.7308387175926635,0.7767568473780497,0.7753600738845844,0.796565852827083,0.7923380014811903,0.7860268922412634,0.7715831696563539,0.7829109711512608,0.7681839111694008,0.7763758488545502,0.8090567540393344,0.7882628388160713,0.8043917559970154,0.8235682310452466,0.7790487623270639,0.7840588447794057,0.7520366782658034,0.8216093434133304,0.7911269359647212,0.8178277733966335,0.8133333366014834,0.7800349616578984,0.7682640709656725,0.7860456904966759,0.7520677999514219,0.759386009642895,0.7644507329705872,0.7629484823447874,0.7863247003972295,0.8005665080924188,0.7866378373971448,0.7522728610327083,0.7857184588315275,0.7577432954173744,0.7703148389068526,0.7919006431020853,0.7909876667264045,0.765876704883818,0.7889871667445968,0.7880440095745493,0.7564376837450395,0.7738523393379522,0.7675708689028861,0.7816737443286914,0.7809835872074071,0.7792815733048224,0.7569147180281717,0.7829928227301144,0.7478887305941445,0.7730803213090464,0.7576188724307285,0.7501542939434641,0.7808586477112586,0.8235682310452466,0.8178277733966335,interpretable machine learning,theoretical machine learning,0.005740457648613084
Knowledge Distillation for LLM-Based Human Activity Recognition in Homes,0.8142359205222215,0.8401631956034414,0.7856710960823955,0.7756761241180411,0.7787625762206908,0.7889074666103804,0.7703318733573515,0.8110848936938747,0.7797656122033964,0.8130394713968256,0.7900269003057335,0.7957489762486055,0.7815284260480829,0.7702943922500187,0.7717701811102785,0.7802870750157954,0.7921971301419375,0.7821751933797518,0.8008183150903885,0.8063529291218525,0.7859102573346196,0.7655243182351736,0.7510602878656224,0.7960059788188032,0.7964319543947936,0.7944941230360841,0.7887506656329086,0.7919239491123922,0.7844352612538674,0.7708831235718414,0.7702089273402022,0.7478481591258229,0.766968421141451,0.7848418920752871,0.7854584429894482,0.7908869869068382,0.792215329457227,0.7623951513803884,0.7789562337697603,0.7682764074870143,0.7836768056918698,0.7987679463374063,0.7828523566886966,0.7673089879477222,0.8028910662637025,0.7686365345572838,0.7401004772186773,0.7708008698421547,0.7645517541881821,0.7745262180582808,0.7849574784282416,0.7736165985373162,0.7721629024863482,0.7766194086903829,0.7594167591262041,0.7679846944878073,0.7718270356526675,0.7479989297981766,0.7785813932020003,0.8401631956034414,0.8028910662637025,large language models,drug discovery AI,0.03727212933973889
Beyond Dialogue Time: Temporal Semantic Memory for Personalized LLM Agents,0.8043061215190288,0.8221730335315763,0.7950604439800817,0.756148771756806,0.784704736130925,0.7826510528039906,0.7278409233779364,0.7930582740278088,0.760217262274594,0.8096163057834892,0.783658526462854,0.7813789989584072,0.8160760209710934,0.7787221152158113,0.7674433713326639,0.7688156805589649,0.7833255032778377,0.7800838015311884,0.7902741180234153,0.8021264015219335,0.777060429869848,0.767568761129773,0.742174516093271,0.783244860525899,0.7916874220223031,0.8046813929458856,0.7721637073987954,0.7775347675558372,0.7593379500304342,0.7681480276052122,0.7499777125416197,0.7575674836713449,0.7832805157621066,0.7926653176913533,0.7763099272713605,0.7862162730920575,0.7816738458368284,0.7560697681746522,0.7782549270630291,0.7489849480583687,0.763102021572125,0.7721065158616865,0.7782245178131559,0.7569077669126778,0.7835990195433741,0.7677980085218399,0.734332914210682,0.7538843009835783,0.7645903913268027,0.7721641788176825,0.7765453021120963,0.7693395553819103,0.7585603295103888,0.7670547435090743,0.7351985217942951,0.7484556854847145,0.7574744460239684,0.7435371667693772,0.7734197376794365,0.8221730335315763,0.8046813929458856,large language models,theoretical machine learning,0.01749164058569075
IFDNS: An Iterative Feedback-Driven Neuro-Symbolic Method for Faithful Logical Reasoning,0.8157405175327295,0.8066154343425855,0.7914736813514982,0.773377738353854,0.7662237687573549,0.7656932807953573,0.7456566014101838,0.8075054674258466,0.7707802234846681,0.7965783293203521,0.7767016618329687,0.7794634775884076,0.8035941253108909,0.7569632773452213,0.7731008706540169,0.7735343687146005,0.7916377758062367,0.7819047540050763,0.8059374581658557,0.8209753755357906,0.7902911460003282,0.7654433523422013,0.7509185803975211,0.8046881895708017,0.7898033935526871,0.7975142276682251,0.7875794393994053,0.7867323822172331,0.8040909087304,0.7810897985540419,0.7776801687832513,0.7432809419994786,0.7978225588693795,0.7945519863177923,0.7936563837591085,0.7906055503762239,0.7872495471066795,0.7511915647426879,0.7766994277708424,0.7692436153318128,0.7581639183710809,0.7775351876970988,0.7821949378117865,0.7996069124978992,0.7857056498823766,0.7741033149520767,0.7630022454587746,0.783773014306834,0.7874240101038701,0.7780667880468818,0.7899287033916789,0.7895384717100277,0.7676618813266476,0.78388053618354,0.7556273956593479,0.7457315657351758,0.7546898522366486,0.7559228789413246,0.7651799824263866,0.8209753755357906,0.8040909087304,interpretable machine learning,convergence proofs,0.016884466805390574
Puzzle it Out: Local-to-Global World Model for Offline Multi-Agent Reinforcement Learning,0.8124256843038368,0.8027382022467427,0.8079120516161669,0.7791261415266773,0.7992322556925484,0.7774730965260319,0.7683438625317641,0.777167191215444,0.7676637480179928,0.7956622532369402,0.7915036963368477,0.7735843854920128,0.7627904810657941,0.7766591501937123,0.7877930133747515,0.7892773338690785,0.7994273719491044,0.7827773089692918,0.8016174542054406,0.809355649882048,0.7879775868122674,0.7888538142710635,0.7516884951822125,0.8414789479509791,0.7960695402277128,0.8194815542085144,0.8040012001810053,0.8149510790419777,0.7788980661774793,0.8058541801561396,0.7635491754411261,0.7558289621379909,0.7886698968064901,0.80453698743035,0.8054856602925629,0.798457534828656,0.7978442263194434,0.7758766533725887,0.7980311262403208,0.7700197284010761,0.7679077263096655,0.7795325097733756,0.781653277593883,0.7631898229652597,0.7949789767901501,0.7943965075833502,0.7611655326882296,0.7629080600567266,0.781428825714499,0.7853957427962103,0.8013656640132177,0.7771992997696124,0.7727955178506092,0.7967094826352478,0.7531756452571405,0.7595587436354041,0.7735366043132517,0.7641328308149283,0.7692558835677036,0.8414789479509791,0.8194815542085144,reinforcement learning,theoretical machine learning,0.021997393742464677
RLPO: Residual Listwise Preference Optimization for Long-Context Review Ranking,0.7971139258758932,0.7864689008522853,0.7802448410727412,0.738491193942581,0.7609821982655639,0.7833171538718587,0.7452737213019965,0.7917022015688246,0.76118060670032,0.7731126888988102,0.7627378693583209,0.7725866329285713,0.7907649799142831,0.7607060629704848,0.7790520848136779,0.762092740248223,0.7811441697004489,0.7640414119747307,0.7842578215025776,0.7826960858830116,0.786545458656505,0.7748410308790133,0.7739700007563074,0.8201248700504181,0.7887030329450926,0.7801529539236297,0.7711263680228171,0.7759791010466393,0.7725786310773352,0.797595919830274,0.7720315144605594,0.7214807125132852,0.7803561204430086,0.7753531934620435,0.7757531758937062,0.7741668172195292,0.7782695690851538,0.7587775286068609,0.768760812271096,0.7762422185162794,0.7592959253505489,0.7726531130273391,0.7564294128115248,0.7798623309497721,0.77871774157466,0.7788990813011141,0.7450305673373754,0.7803883597561323,0.7714393678614775,0.7535659600487242,0.7781836809539193,0.754252302570059,0.7447148171604214,0.7484554382211075,0.7675146643297837,0.7503765531892506,0.7446940238466291,0.7549147632814822,0.7516211210725998,0.8201248700504181,0.797595919830274,reinforcement learning,optimization theory,0.022528950220144117
KALE: Enhancing Knowledge Manipulation in Large Language Models via Knowledge-aware Learning,0.8274300513375248,0.8303488717067644,0.8028096910675838,0.7666537964259725,0.7819927284223258,0.7789068399036164,0.7473465567496409,0.7989490396184011,0.7672275021167811,0.7952861659819395,0.7665768311326621,0.7947660381666082,0.7804701860841081,0.7734863557006236,0.778915832471211,0.7789351413305022,0.7896332513947378,0.7865098669977372,0.8073839905210094,0.8205731351144592,0.7883978403713183,0.785320701765207,0.7314038780973502,0.8141359749360954,0.8013770179117987,0.8095569783853703,0.8071985313907905,0.7894302405975421,0.7777316441854297,0.7840405464815224,0.7578508134402209,0.744076528041944,0.7751967214694432,0.7789666271569603,0.7974350775292023,0.7951588868233411,0.7950880336051236,0.7684770427299086,0.7861081714321791,0.752066976361953,0.7753415982502929,0.7847226020525588,0.7804479221395138,0.7631503135221066,0.7901219091372502,0.7813226581433986,0.7654382649852955,0.7675436089359107,0.769345565691425,0.7629731579788673,0.7871153613976561,0.7863424794129636,0.7601128429295824,0.7704922870761858,0.7551752997544279,0.7685092515064703,0.7578598762001001,0.7512557086726986,0.7660132594052695,0.8303488717067644,0.8095569783853703,large language models,theoretical machine learning,0.020791893321394084
Two Pathways to Truthfulness: On the Intrinsic Encoding of LLM Hallucinations,0.8076728708328218,0.8257883579095359,0.8017790626091004,0.7803445228841004,0.7759188642610689,0.7756826249704303,0.743972077856062,0.8072409777492459,0.7753267001486133,0.8151352706346902,0.7836048997130514,0.7745776919542195,0.7805770464021683,0.7568235583163117,0.7833076861609822,0.7897639695318412,0.79232914627832,0.7777385839958865,0.7990691337919945,0.808480570254988,0.7966083588600296,0.7705757579554691,0.7555319104471747,0.7974986633990634,0.8010706590206731,0.8018720826052864,0.7908232198073185,0.7973241740539778,0.7835428890992602,0.7644768984368009,0.7623166086258886,0.7589810624141481,0.7746873472331005,0.7719876140947493,0.7857066486082182,0.7870785139022194,0.7933681890616877,0.767507897689989,0.7763332285399129,0.7674576253743441,0.7669716940752815,0.7842567180030539,0.7899542257374487,0.7672629173096581,0.7973684705714859,0.7710609821169688,0.7335485693463094,0.7810269594754523,0.7800163243787291,0.7841570296770848,0.7828288532006497,0.7855238301911813,0.7644642287089605,0.7695911422823278,0.744240325691669,0.7606035371198079,0.7629337969462232,0.7501999168659588,0.7768859128797916,0.8257883579095359,0.8018720826052864,large language models,theoretical machine learning,0.023916275304249446
Stop bots from abusing free trials (Sponsor),0.7825102845569698,0.7555827140611722,0.7813030035822486,0.7586557852113672,0.8150980443949308,0.7543385839283143,0.7308246822223303,0.7730562014134396,0.7688112322931511,0.7491885678261925,0.7354361925425145,0.7636897034780857,0.753589293251562,0.7854768216271731,0.8091779116304709,0.7925961190836438,0.812100989927859,0.8085611133082492,0.7908996721993891,0.763217260163704,0.8037965566395631,0.7911666329655489,0.7262351461520552,0.7843280571925244,0.8073198001599867,0.7729434010640367,0.750889851866442,0.7521416896481143,0.7647501022893785,0.756586874755242,0.7526822150487991,0.7235396150953335,0.7606047216540618,0.769383483122924,0.8093656346656377,0.7955940614954412,0.8046108578991987,0.7633013973655755,0.8054889129578009,0.7432233298921527,0.7847145562323435,0.7887435750832541,0.7870699738634591,0.7708052669390051,0.8052867495208812,0.785289348567541,0.7139755518626317,0.7918221958308831,0.7729974210245812,0.7859785177152994,0.7982869826848942,0.7845283973720643,0.790881959736832,0.7326087414362358,0.7460522272043407,0.7665029692320373,0.7563822281025426,0.7802958175643189,0.7686162199735513,0.8150980443949308,0.8093656346656377,AI agents,AI for physics,0.00573240972929312
Anthropic cracks down on unauthorized Claude usage by third-party harnesses and rivals,0.7634103350544162,0.7486820994092007,0.7723882488731475,0.7456664066498019,0.7942246511622415,0.7613693973713929,0.7234039394828365,0.7654822502899861,0.7655931409496434,0.7476351008531881,0.7552966775203024,0.7520003425842026,0.7640546922258382,0.7841661221344476,0.7833822251431409,0.7829876596436743,0.7997221436792373,0.8009733546019244,0.7828029763893609,0.7661441930028501,0.7782785578359748,0.7877706149474448,0.7318207529328165,0.7687598596937888,0.7967966044573243,0.7615857970948431,0.7284400503326819,0.762627348115856,0.7668476581389966,0.7451118471888898,0.739596386590136,0.7450235440098552,0.787578126740729,0.7488467386938469,0.7817755016669832,0.7852577138936506,0.7842041990250639,0.7503429420102972,0.7835065721631626,0.7599320460717901,0.7608449512057808,0.7828102184616818,0.7704811995499401,0.7552541065019273,0.7896513559854476,0.8088233412961421,0.7412934320120231,0.7850517923760746,0.787389538584121,0.7785953398231904,0.7902047957902217,0.7651472930135548,0.7710666837055585,0.7494588775086168,0.7338170139242366,0.759754329787464,0.7482236083535947,0.7475936300456332,0.7524970321733153,0.8009733546019244,0.8088233412961421,cybersecurity AI,algorithmic trading,-0.007849986694217659
Meta Unveils Sweeping Nuclear-Power Plan to Fuel Its AI Ambitions,0.7619889076637669,0.7379827219153134,0.7564543182299486,0.7417041660879937,0.762489653711165,0.7622971249392533,0.7084055449638894,0.747007328869806,0.7383651994025993,0.7419046517617668,0.7376265081924858,0.7398710914955634,0.734036982415631,0.7706282972557011,0.7717123518264333,0.7622232383580587,0.7693835509941249,0.764151332025484,0.7522736379961967,0.7405390172304849,0.7394502530797106,0.7512941371797047,0.7119093739445342,0.766572544944454,0.7918806463636807,0.7510946415723501,0.731887105608994,0.7186336592056201,0.7387517977847909,0.7408150969918225,0.7283026489082836,0.727340275241686,0.7575413103790958,0.7343115477552048,0.7632703346548335,0.7652428819105536,0.7563391646465895,0.7230613000495532,0.7425680987490906,0.7506215870074262,0.7338767864959884,0.7618508257928249,0.7463300114619795,0.7274891593526429,0.7693376112119928,0.7561795597624787,0.7224792533140334,0.7554591869662562,0.7641641966150058,0.7540533809882869,0.7653279510993,0.7513134529752864,0.7487730176593193,0.730436737980006,0.7275367460944737,0.766353763784417,0.7651320345011414,0.7656762046428968,0.7403476045320998,0.7918806463636807,0.7693376112119928,new AI features,drug discovery AI,0.022543035151687874
Use multiple models,0.7848309483869185,0.7980705013388423,0.7853089032808503,0.777013556319076,0.7868231955013165,0.7637684892222814,0.7162875550900909,0.7517098022243226,0.7524519940835841,0.7760081704921793,0.8083184919967724,0.7548955600986819,0.7528383626217346,0.7678000231522134,0.7947890628840751,0.7821451560897519,0.8044276763498328,0.7775109375863252,0.7867865726506359,0.7781746144889176,0.7816149515096762,0.7712148769936678,0.7056235660969056,0.767513649619384,0.8072819108346786,0.7899370081194972,0.7518682308525767,0.7788228896756859,0.7719976616251231,0.7679935474396364,0.7422897061117515,0.7292569439455044,0.7507416757889276,0.7597242006969053,0.7979474292745986,0.7964317334679349,0.7983632519439635,0.748419530782598,0.7795766251393398,0.7433811256712879,0.7530493122335341,0.7761524671917517,0.7810898234705747,0.742411538831443,0.7837386502587869,0.764560617286929,0.7387908766388481,0.7450926639312245,0.752992927955366,0.7568011854061225,0.7704412598523998,0.7611193318661984,0.749546633757164,0.7792835859784536,0.7304205419851514,0.7335621220086381,0.7685612857158847,0.7281850985847209,0.7412391584884926,0.8083184919967724,0.7983632519439635,multimodal models,AI for biology,0.0099552400528089
Best Practices for Coding with Agents,0.7510213853242136,0.7408249627221063,0.7695659294100299,0.7368947836823176,0.8003756998676269,0.7516712377390312,0.7204466683605641,0.7364096049492618,0.7637762049985349,0.7354741074381175,0.730213500958486,0.7599647356089276,0.7374492711663986,0.7495025404741258,0.7643623677138903,0.7593612532289964,0.7691559531916514,0.7538197472746222,0.743583257429789,0.7392025261033375,0.7563387011717609,0.7735428542680247,0.6989122752898507,0.7604899118337307,0.7795674021861391,0.7432955925216318,0.7463749919873659,0.7515101498822265,0.7702533748447321,0.783625433274879,0.7143400837060114,0.7184807169164119,0.7324394923890284,0.750160889836069,0.768871348460789,0.772641285239966,0.7723289410945052,0.7452754616156531,0.7598317753945594,0.7423410808361779,0.7377104472282937,0.7512616654319366,0.7491997111594993,0.7282298216732344,0.7602266460227791,0.7590426832198323,0.7265056073265719,0.7499310310844759,0.7506145117823093,0.7580637684537261,0.7832769136254476,0.7516074874522324,0.7406447065700645,0.7262024538708289,0.7149660684740549,0.741425670950394,0.7597880479462263,0.7349117711397317,0.7596774818573045,0.8003756998676269,0.783625433274879,AI agents,optimization theory,0.01675026659274792
Global AI computing capacity is doubling every 7 months,0.7875777509622983,0.7560951741269133,0.8062287319370044,0.732121275509775,0.7867922704062933,0.7654483486979515,0.7038521254323036,0.7572802130675725,0.7737549882276215,0.732483459114337,0.7341978745160698,0.7357127464445254,0.7407552751832469,0.7879966704429058,0.8012396206331713,0.8100888250092557,0.8419978254036673,0.7987794125925352,0.8007933737076431,0.7618563711996659,0.7833402928454086,0.7770201425345947,0.6951443307515053,0.7556313771289531,0.8107339179388212,0.7504773958959315,0.7253621962039994,0.7587570184995381,0.7513961261816557,0.7498304707933243,0.7232566848346191,0.7235371676442778,0.7617631980429287,0.7602687173241369,0.7931351556393761,0.7906319053663318,0.7884974697823689,0.7472576683911448,0.8092209918386478,0.7620622717317065,0.7719849971684862,0.7896013631718817,0.7955408642867856,0.7393629831632542,0.8011653905810936,0.7655674754174404,0.728372273740959,0.7669272270108898,0.763243196300105,0.7730299037732999,0.7630478678687178,0.7641796566690822,0.7478526284192949,0.7315495643047168,0.7223857324767573,0.7457762203558875,0.7334201124562509,0.7392290899545013,0.747108413045468,0.8419978254036673,0.8092209918386478,cloud computing for AI,gaming AI,0.03277683356501948
Agents that don't suck (Sponsor),0.7678450121655567,0.736103617643948,0.7900237683545466,0.7406103844418903,0.8502005211317624,0.7485632893545975,0.7377619336620684,0.7399715229421233,0.7519555107664654,0.7386774346168278,0.7390263267390222,0.7503310218772395,0.757407167767109,0.7944228852627758,0.8117319509236989,0.8064394864783542,0.8075569625240091,0.7926495561575796,0.7978992652650869,0.751146285329142,0.7977093462963659,0.7899083019480428,0.7018688120174296,0.7818722740306707,0.8063943338190844,0.7509612705716004,0.7336676307712022,0.7514964755255317,0.7426115822501642,0.7608161700046597,0.7187114497349596,0.7445882191999332,0.7792209473464596,0.7706934189911502,0.8164006193535682,0.801519480464803,0.8084259873668224,0.7602881036705431,0.8076919802962728,0.7619511085025521,0.7792686886152324,0.7895238021117361,0.7870020111126729,0.7450528608888852,0.7935299998974868,0.7760077822881994,0.7152613327157598,0.757661494616378,0.7918055537185713,0.7790251777872346,0.803298303566112,0.7761060571650547,0.7673021836588118,0.737191998286341,0.7536155230191565,0.744050884342465,0.75826037796105,0.7530141252287382,0.7641986321088401,0.8502005211317624,0.8164006193535682,AI agents,AI for physics,0.03379990177819414
Agent design patterns,0.7741164748404816,0.7722483438930063,0.7691739447888201,0.7700570873584068,0.8121594563280368,0.7542799328649926,0.7344347664970523,0.7455964498520392,0.7644153009435217,0.7637909062398902,0.7619213271500196,0.7724227533803357,0.7550621629456207,0.7704522763744998,0.785494737725147,0.7714017208479508,0.772536856417328,0.7733987775029616,0.7778570102918064,0.7550417919778161,0.7725934056382043,0.7746907514280305,0.7093716426074611,0.7732045130703207,0.7935997198143624,0.757689437176092,0.7543253277401398,0.7644262939629833,0.7615419682551612,0.7695962494473968,0.7101318575712035,0.7537029750167175,0.7419399601149884,0.7541464402129898,0.7683842764447476,0.7707694985153759,0.7731586971408503,0.764540962831424,0.7737757158913102,0.7571747022786461,0.7510697694810107,0.7650819472319155,0.763685431698141,0.748129084566707,0.775286454781833,0.762296470191739,0.7210358037545055,0.7551552822858134,0.7571719391634433,0.7909044441975078,0.7876223310573658,0.7871310666467528,0.7740528364822746,0.7652940650348227,0.7311253112225425,0.755652175189655,0.7628786473045623,0.7473887320482416,0.7698511776438444,0.8121594563280368,0.7909044441975078,AI agents,autonomous vehicles,0.02125501213052894
Evaluating AI Agents in Production,0.772985047452711,0.7506466765942889,0.8049557277339295,0.7543713590355242,0.8395628195673301,0.7540510866012029,0.7399836889855586,0.7855209082504347,0.7685180122213853,0.7538500502579324,0.7511861957428829,0.7648024920280188,0.7646398783684406,0.8137288269339422,0.8166239373817572,0.8062794147180075,0.8070664245290025,0.8065532863072131,0.8034621231587618,0.7672878084198227,0.8113698849670391,0.8127124384234452,0.7214761394109912,0.7820685394535183,0.8163775391617367,0.7748483326912423,0.7565350089640573,0.7576359485018606,0.7691590254016649,0.7751128915950067,0.7134521136676034,0.7559048019097875,0.79104499874837,0.761315551011921,0.8107293147880275,0.814172563987294,0.8149832292046923,0.7598353856762469,0.8090502873753402,0.7586753627634598,0.8049452052850669,0.7962593701143283,0.7994586386683485,0.7540069976571394,0.8014432331477239,0.7918365060603382,0.7495177846995495,0.7564363859089835,0.7673799726611401,0.791666534328712,0.8006554139956257,0.7746674754538634,0.769939999557627,0.7540072857327981,0.773732884680399,0.7604573566431133,0.7483595474600752,0.7560245026330247,0.7778600577847244,0.8395628195673301,0.8149832292046923,AI agents,AI for biology,0.024579590362637793
Deep Think with Confidence,0.8564430587886673,0.7875230949952472,0.7901375334531808,0.7681856516446508,0.7735586054132775,0.761402351073835,0.7154723030659964,0.7839746681585947,0.7837708373254063,0.7700392755476791,0.7573578156067678,0.7830413086268417,0.7764709081907688,0.7798991985694339,0.7836232754651115,0.7831231774392197,0.8161597944481189,0.8000649763868134,0.7960780367254164,0.7885603562557814,0.7855375776276097,0.7855590167553175,0.7396281812875105,0.8085988445704029,0.799901512929522,0.8012015057596099,0.7823637046719616,0.7734606746352208,0.7982489084749196,0.7792558474716961,0.7514847184600913,0.7313379179077985,0.7798191913217432,0.7601818146778087,0.7949722549420007,0.798657941026327,0.7865856008255361,0.7531181464772844,0.7919348795713033,0.7614999108738677,0.7620872444900005,0.7939169039886816,0.8017821742389408,0.7857963981006176,0.7926613201370031,0.789923060568694,0.7681627220575069,0.7843225190037676,0.789493280626927,0.7572472973547987,0.7825959926759174,0.776597948803995,0.7625840096471013,0.7667293391578535,0.7549870198727755,0.7490470049192106,0.7465573612475982,0.7589886426724658,0.7714050654061948,0.8564430587886673,0.8017821742389408,deep learning,medical imaging AI,0.05466088454972651
Under the Hood: Universal Commerce Protocol (UCP),0.7400553722660351,0.7151677446579136,0.7270652729462859,0.7229618279533243,0.7412728789174275,0.7054858406125106,0.7068177023873068,0.742626500898241,0.7467740222150461,0.7193049315025541,0.7301177570516018,0.7518353938195725,0.7426618471601527,0.7461142034962454,0.7641678952895413,0.7541533708489744,0.7610077426950297,0.7436984414173747,0.7555883101392294,0.7430781718424415,0.7319222726120155,0.7518138680345506,0.7385166334711744,0.7413086528878607,0.7458950096619476,0.7198566179025092,0.7178695866139414,0.7312793623502329,0.7552224961760046,0.7354448181685587,0.7054939433810032,0.7097734169180823,0.7266779833236918,0.7304941008179874,0.7409874964179594,0.7364047053499694,0.7330743145027044,0.7397202939704668,0.72933317009416,0.7346130037595564,0.7046975779620412,0.7437016087272798,0.713306317805801,0.7296208573157669,0.7411512243650511,0.7768842388098893,0.7129090396516333,0.8014637495197979,0.8004708695031528,0.74526098116577,0.7652113640981059,0.7497083025201393,0.7366230829238588,0.7409270175945397,0.6935569087123327,0.7500618344129553,0.7548427989146438,0.7490025467678061,0.7302551468573844,0.7641678952895413,0.8014637495197979,AI platforms,cryptocurrency,-0.03729585423025661
Agent-Native Architectures and the Shift Beyond Code,0.7664116584817668,0.7613394217129523,0.8028833102739483,0.7581983124109775,0.8169128807288726,0.7726164066937613,0.7299497137697353,0.7847935251513086,0.7712003113473965,0.7810981135076536,0.7427394470994296,0.7489713653825989,0.7502693393319487,0.7807192779073692,0.7982930205024147,0.7915994216134455,0.7938952326916373,0.7812257357544818,0.7872919979256542,0.7667476671690807,0.775657110931095,0.7801672291735526,0.6957716404735375,0.772944645670434,0.7969818894978168,0.7478945830271331,0.7399017002672167,0.739250633331048,0.7540522413375118,0.7561903110786791,0.7151266481077203,0.7739504404761659,0.7555447932272782,0.7258677995501475,0.7770990911236291,0.7808641090560915,0.7913609632824277,0.7465020440228217,0.7876569746263454,0.7498014704091969,0.7590039793594896,0.776610911763463,0.7699324633866388,0.7456155301105547,0.7907997682073682,0.7788097616072946,0.7203284888683461,0.7569870596107835,0.7592877180084294,0.7898666926569026,0.7835094218076946,0.778880375504206,0.7647785685349537,0.7403935200961038,0.7181025856983296,0.7554948337594559,0.7531852357517824,0.7397742734360127,0.7633714972596292,0.8169128807288726,0.7913609632824277,AI agents,AI for biology,0.025551917446444916
"In AI Agents, Traces Are the Source of Truth",0.776531857060396,0.7482175103136322,0.781021719826086,0.7530095763220299,0.8244506132728405,0.7524827352496978,0.728189910757649,0.7691640028422844,0.7727141191121879,0.7631889091732488,0.729911625318767,0.7803038644537336,0.74690383170307,0.7815408938975751,0.7965350216527756,0.7917694510619373,0.8027249413246424,0.7902234395005736,0.8074929811974151,0.7670764339713315,0.8085258503746474,0.7952450828578135,0.7040232388730397,0.7795950725344303,0.8021354738455986,0.784404385442014,0.7546178780629221,0.7612168893487055,0.7680383984763041,0.7763454596507519,0.7257460751334911,0.7534910689240719,0.7547729332580203,0.7754591276663972,0.7978582836869624,0.7971367924895992,0.7917145843466888,0.7546049042476581,0.7945900178343293,0.7549138142148912,0.7670098096184427,0.7863604633942975,0.7932586847023981,0.7630899273937327,0.808922844666164,0.7853467660153785,0.7174531111636143,0.752611533787505,0.7749009798078944,0.7786751129593952,0.7919880950657653,0.7759757309885985,0.7732916597636166,0.7509300427900065,0.7379064634454806,0.7619195475844261,0.7658032562334177,0.7340455631102938,0.7596009440503226,0.8244506132728405,0.808922844666164,AI agents,drug discovery AI,0.015527768606676484
The Coming AI Compute Crunch,0.7928288009169865,0.7708784570991034,0.7889929387419412,0.7334470657396399,0.8062434037495069,0.7762216915700615,0.7125590251231116,0.7787466663128101,0.7815467257628494,0.744890957486867,0.7321980367674944,0.7795645465091872,0.7852277218910476,0.7886277188695241,0.8091529658638057,0.8075440295399041,0.8474702652359682,0.8068857511963473,0.7994221939733823,0.7821005143620691,0.7937002842291215,0.7977286881027998,0.7337870692401667,0.7881490576414231,0.8135896153102651,0.7898729770535067,0.7605514873191976,0.7409912043782383,0.7691005422907238,0.7706114307421882,0.7432246997082855,0.7316276444124005,0.7798675409397812,0.7713748360955759,0.8194768296614036,0.8129673169649813,0.8097658106806225,0.7604448883351876,0.8066983744002318,0.7829328788420096,0.789806081306959,0.8089157759530394,0.8073558083635359,0.7626926018141424,0.809775625160045,0.7958216533028108,0.7491385085003177,0.8026356925372031,0.7909360308387355,0.7733240704798343,0.778275698817897,0.7751355656938229,0.7594271957467652,0.759716258499541,0.7280295824487341,0.7717107115211852,0.7658187873465058,0.7606789273166819,0.7778975329374369,0.8474702652359682,0.8194768296614036,cloud computing for AI,AI for physics,0.027993435574564685
Anthropic cuts off xAI's access to its models for coding,0.76926198540252,0.7732055603365712,0.7982508396799622,0.769710210603062,0.7966420421872078,0.7609326345587495,0.7053850689627202,0.7625038667729711,0.7714075640491538,0.7696007509598396,0.7707940867973444,0.7478262762614332,0.7594819811300615,0.7884595431335124,0.7993801263905123,0.7963932449450704,0.8159274128206805,0.8068376961133648,0.7961350866719323,0.7701312401211484,0.7885243550531308,0.789025904077745,0.7199413550536523,0.7550121744644386,0.805766106020587,0.7587375946637567,0.7349617494220649,0.7662489889119605,0.7574769733039907,0.7467149300181141,0.7285746394012713,0.7409484944130503,0.7604954478655358,0.7701951309465173,0.7912484148903959,0.804119162244465,0.8082675108830526,0.751212987235081,0.8076126014606159,0.757498865346017,0.7913750719207651,0.7982112633902932,0.7949740548851,0.7524760566185016,0.8127317858547255,0.78393132156876,0.7302384244246689,0.7735292555911288,0.7758806413373303,0.7748784002171867,0.7820250328300726,0.7635142846336663,0.7553269895203749,0.754656531471364,0.7209376014593066,0.7591970003735183,0.7377651672613199,0.7382284755472985,0.7692290443808921,0.8159274128206805,0.8127317858547255,cloud computing for AI,drug discovery AI,0.0031956269659549896
Indonesia and Malaysia Block Grok Over Deepfake Abuse,0.7862006489867388,0.7791665938834804,0.7862182156598125,0.7449618833139701,0.7761286216483411,0.74450670739551,0.7448114151455646,0.7622891464957369,0.7528253186625825,0.7574124007349169,0.7538046318352013,0.7444767619602826,0.7496558653286741,0.7573354973964066,0.7917421613555565,0.7770441507437111,0.782461748660719,0.7925511307121917,0.782213822802486,0.7747542371490583,0.780205626738464,0.7880882748832841,0.7408726070934522,0.7713242182226987,0.8011903073181601,0.7508050155348635,0.728552851734004,0.7604684274136086,0.7507189426189561,0.7302770888674789,0.7382188659033012,0.7066827042093342,0.7692633907392126,0.7638590632466877,0.7741339220949253,0.7746744613480678,0.7814763585779156,0.7642142915181555,0.7934612944375226,0.7535567093973102,0.7741910090637739,0.7755715098127189,0.7858635831023206,0.7449248668918456,0.7808178712874576,0.7579121379411948,0.7142735395762754,0.767283270955763,0.7932484375839823,0.7551345356875496,0.7871729991867157,0.7543852291897531,0.7733247709854838,0.7211624157141591,0.7532361947450046,0.7392934071015543,0.7424134472454631,0.746330425568672,0.7640385110957078,0.8011903073181601,0.7934612944375226,new AI features,gaming AI,0.0077290128806375424
The AI revolution is here. Will the economy survive the transition?,0.7867293718068651,0.765232547701512,0.7842688451418669,0.7565485128630134,0.8083232758459293,0.7464953551215924,0.7166907467414406,0.7614975874982028,0.7756230474056509,0.7510726276344737,0.7453041888929797,0.7703225837027885,0.7504804330034947,0.8043149252407659,0.8165224624823185,0.8090796927511252,0.7988237525690992,0.8052891789164893,0.7894906944962506,0.754038171264491,0.7820884620975266,0.8136656393868562,0.7152826439733418,0.7740510993161166,0.8178962308269867,0.7772491218561952,0.7549184609286493,0.7484486163601265,0.7656805524179228,0.7652670908817188,0.7241449749685825,0.7358402008946012,0.7557934911669946,0.751961773396993,0.8121251548431979,0.8100451185705313,0.8158869048394785,0.7673169892553862,0.7966579385451583,0.7538516409477842,0.8026526378748147,0.805301424240032,0.7952502495145842,0.7446305384662352,0.789926131280297,0.7873155714317335,0.7469709563052288,0.7971189169513248,0.782433910400675,0.7736135950606107,0.7933004630313133,0.7745098586605313,0.7743593358815349,0.7826573348787474,0.7541712162716034,0.7648117765549243,0.7768530800991147,0.761324390091942,0.7802525941615522,0.8178962308269867,0.8158869048394785,new AI features,AI for biology,0.002009325987508248
Strategy in four worlds,0.8515046802952511,0.7690005341802026,0.8033725254941805,0.7528490971920355,0.7908244447242254,0.7513924102827851,0.7172872951231003,0.7425329726247114,0.75044897217917,0.736555876646868,0.7539472932449733,0.7480964100527355,0.7650385854489463,0.7942721043353961,0.790502556541204,0.7856198692907703,0.7923454372234189,0.7890820105945324,0.7858706226208358,0.7565793315932232,0.7781761040974222,0.8007891500980114,0.7026832213485215,0.7804606505978436,0.8108674571458185,0.7799458379823255,0.7701987873189817,0.7326991973615578,0.7501519232040823,0.7663696674954522,0.7417856155548901,0.7504971012384392,0.7631546577309332,0.7599944648605192,0.7970303144370869,0.7916046212522637,0.7906779768457368,0.7784740669500784,0.8049349254464814,0.7384510408544986,0.7791467113055593,0.7894551335458669,0.7832067458706472,0.7503285885168813,0.7922294203496705,0.7828952068531619,0.7596255253786717,0.759761865276623,0.7679243922641372,0.7610024763842378,0.7763770156591352,0.7782461987563045,0.7543107337832495,0.7682243456969194,0.7461616383280176,0.7432183938556131,0.7492914028845304,0.7530455156879147,0.7532095022313858,0.8515046802952511,0.8049349254464814,deep learning,gaming AI,0.046569754848769684
NeuralGCM harnesses AI to better simulate long-range global precipitation,0.8010143985435279,0.7878802355636669,0.8156634781343054,0.7597903281171575,0.780440997724419,0.7774147435752735,0.7305870333078957,0.786239913691154,0.7677097895442758,0.7646855816219587,0.7644486490466377,0.7658978792094161,0.7695848788251985,0.7811709927114936,0.7780369693991975,0.7854273387967068,0.8184847666534231,0.7962701481156298,0.8000031002827888,0.7921129938896964,0.7853323126951893,0.7695852313623355,0.7234971764887057,0.7849871128113058,0.804726360941885,0.790424795525895,0.7440871034908293,0.7863527017136017,0.7721706806573387,0.7655265531519804,0.7501935895057794,0.732023207031657,0.7825608989292661,0.7710041272155871,0.8052504184343974,0.8108425371950271,0.7964914908205567,0.7659465868612365,0.8043507645496651,0.7832248934009258,0.7696547700297125,0.7984184840825085,0.7907702146036235,0.7495322713864654,0.8045467288229939,0.7797138060562855,0.7359031255971017,0.7730891408605987,0.7802535246147775,0.7726658205178443,0.7759515789875103,0.7679302132400126,0.7649656288476893,0.7837402179777645,0.7512521541357283,0.738184593596388,0.7634412357157576,0.7481291038769718,0.7599651038222929,0.8184847666534231,0.8108425371950271,cloud computing for AI,AI for chemistry,0.007642229458395988
" BREAKING: Claude Cowork =  ""Claude Code"" for normies",0.7851942554694301,0.7640582672085289,0.7995757380705661,0.749550222494672,0.801514860246815,0.7814172022027609,0.7292770906253462,0.7818271615014563,0.7867434876393449,0.7566679180622957,0.7488549626215656,0.7866514225443556,0.7756633813877707,0.791557445323979,0.7903496974456996,0.7906923913314701,0.8173332392261019,0.8135961949676743,0.8060970086520769,0.7771963346279038,0.7974628304075766,0.7936167292261727,0.7490919964793573,0.7760280761217355,0.8149773623034203,0.765493951806608,0.7547372667164995,0.7716088285395486,0.7725718669858337,0.7640035323520795,0.7708966243784855,0.74268345459841,0.7815070273756798,0.7713999874154934,0.7989191735504876,0.8069656291687334,0.8112070209268819,0.7697032656488634,0.8030533163545961,0.7688058314794659,0.7914611514369295,0.7987897609608434,0.7940532927010516,0.774421902544712,0.8276064944563426,0.783840595323542,0.744598538822068,0.7924427227568909,0.7978380590778245,0.7771982608357784,0.7971889433487251,0.7675763527656407,0.775272167931951,0.7379701537612672,0.756488769472542,0.7668015071979161,0.7721135656607568,0.7717174804414968,0.7789136743132334,0.8173332392261019,0.8276064944563426,cloud computing for AI,drug discovery AI,-0.010273255230240697
Leaked Windows 11 Feature Shows Copilot Moving Into File Explorer,0.7788942571580209,0.7494995882683734,0.7916638579196869,0.7353138261692224,0.7877220257861063,0.7695290746333548,0.7147274003857362,0.7718768390408975,0.7790596664123292,0.7537927633791496,0.7330415349645278,0.7776024122161778,0.7627142518079846,0.7799577012588694,0.7864054608030789,0.780613271557333,0.8039035465176856,0.8119881518353465,0.7954627511249928,0.7766165638355101,0.7887981309369332,0.7837739728852984,0.721953186310674,0.7807751884067201,0.816002720592911,0.7607314366587619,0.73938440378278,0.7411059895176086,0.7501104410334343,0.742932325548354,0.7523264474681268,0.7139228258546089,0.7656970343099201,0.7690849758176229,0.7898605388772705,0.7779881619589214,0.7880869680249765,0.7461824185675128,0.7965661807749366,0.7523637140187956,0.7829183541943522,0.7848393242586675,0.7859390135097422,0.7453877138667263,0.8055965885746508,0.7518078495476213,0.7236594299071046,0.7612619709417653,0.768260481204539,0.7757512062823737,0.7760783591829787,0.7695533952359364,0.7652313145747595,0.7269956754621736,0.7424288498151195,0.749486664638216,0.7583463259361488,0.7539446809113148,0.7563162160653306,0.816002720592911,0.8055965885746508,new AI features,drug discovery AI,0.010406132018260239
Israeli Cybersecurity Startup Torq Gets $140M Funding to Hit $1.2B Valuation,0.7719886086167547,0.7521357057210636,0.7832462577438319,0.7547178425065282,0.7951883295821993,0.7588901487951912,0.7299368655160762,0.7685597181674294,0.7694108164667762,0.7565660500270895,0.7390319856539139,0.7542609465493553,0.7604935294728595,0.8029578816210902,0.7897546476611143,0.7954095857174326,0.8119525406213486,0.8320734396312612,0.7818014709280411,0.7640555606486625,0.7791478542857919,0.7834778606520937,0.7254042985903487,0.77547442764097,0.7997230487029404,0.7736549100834096,0.7506261983832183,0.756500711725047,0.7552373324999061,0.7611316930142895,0.7477457173555596,0.7402378906840462,0.775115401420924,0.765800324489532,0.7859077601802147,0.7857232766769171,0.7864194897870606,0.7517576057765962,0.8012717307522288,0.736966994786842,0.779847304151723,0.8011280813689379,0.7893375171670338,0.7561346490145251,0.8045049701071628,0.7842536876417274,0.753839842643813,0.7810146549910044,0.7926941316046693,0.7773817331831541,0.7795446983091009,0.7695844370854623,0.7668212983690664,0.756426628176739,0.7671284855998328,0.7617156412901473,0.7565335096693776,0.8113594849905383,0.7537401793442005,0.8320734396312612,0.8113594849905383,cybersecurity AI,startup funding,0.020713954640722898
